title,metadataStatus,ingestStatus,status,project,sqlVolume,libServerDirectory,primaryIslandoraLocation,secondaryIslandoraLocation,pid,essss,images,ingestDate,latestMetadataUpdate,modified,lastModifiedBadFormat,notes
"Livro de Batismos e Casamentos Mistos, 1650-1803",Metadata uploaded,Ingested,Metadata being generated,NEH,242,\\libshare.library.vanderbilt.edu\vulibrary\Landers\new_organization\Angela\ESSS\digitalizacao Niteroi\Livros\Antônio de Sá\Antônio de Sa 004.1,ESSSS/Brazil/Rio de Janeiro/Cachoeiras de Macacu/Igreja da Santíssima Trindade de Papucaia,,essss:38963,38963,121,09/20/17,,2017-09-20T00:00:00Z,09/20/17,pdf in n_o
"Livro de batismos de livres, 1774-1787",Metadata uploaded,Ingested,Ingested with good metadata,NEH,,\\libshare.library.vanderbilt.edu\vulibrary\Landers\new_organization\Angela\ESSS\digitalizacao Niteroi\Livros\Campos\Campos 001,ESSSS/Brazil/Rio de Janeiro/Campos dos Goytacazes/São Gonçalo-Goitacazes,,essss:38558,38558,330,09/18/17,9/17/17,2017-09-17T00:00:00Z,9/17/17,"images rotated on Islandora, corrected on image server + correct pdf in n_o"
"Livro de Óbitos de Escravos e Livres, 1770",Metadata uploaded,Ingested,Ingested with good metadata,NEH,,\\libshare.library.vanderbilt.edu\vulibrary\Landers\new_organization\Angela\ESSS\digitalizacao Niteroi\Livros\Campos\Campos 003.1,ESSSS/Brazil/Rio de Janeiro/Campos dos Goytacazes/São Gonçalo-Goitacazes,,essss:3018,3018,3,08/17/17,10/4/17,2017-10-04T00:00:00Z,10/4/17,"images rotated on Islandora, corrected on image server + correct pdf in n_o; what church is this actually from?"
"Livro de Testamentos, 1733-1740",Metadata uploaded,Ingested,Ingested with passable metadata,NEH,,\\libshare.library.vanderbilt.edu\vulibrary\Landers\new_organization\Angela\ESSS\digitalizacao Niteroi\Livros\Gonçalo\Gonçalo 004.1,ESSSS/Brazil/Rio de Janeiro/São Gonçalo/Igreja Matriz de São Gonçalo do Amarante,,essss:73372,73372,66,10/25/17,,2017-10-25T00:00:00Z,10/25/17,
"[Livro de assentos de bautismos, inventários das coizas da fábrica, e assentos dos defuntos, 1697-1729]",Metadata uploaded,Ingested,Ingested with good metadata,NEH,,\\libshare.library.vanderbilt.edu\vulibrary\Landers\new_organization\Angela\ESSS\digitalizacao Niteroi\Livros\Guapimirim\Guapimirim 001.1,ESSSS/Brazil/Rio de Janeiro/Guapirim/Igreja de Nossa Senhora d'Ajuda de Guapimirim,,essss:2819,2819,95,08/17/17,4/22/18,2018-04-22T00:00:00Z,4/22/18,
"[Livro de assentos de contos de receita e despesa, casamentos, e capítulos de visita, 1727-1743]",Metadata uploaded,Ingested,Ingested with good metadata,NEH,,\\libshare.library.vanderbilt.edu\vulibrary\Landers\new_organization\Angela\ESSS\digitalizacao Niteroi\Livros\Guapimirim\Guapimirim 002.1,ESSSS/Brazil/Rio de Janeiro/Guapirim/Igreja de Nossa Senhora d'Ajuda de Guapimirim,,essss:2604,2604,135,08/17/17,8/23/17,2017-08-23T00:00:00Z,8/23/17,
"Livro de Casamentos de Escravos, 1749-1762",Metadata uploaded,Ingested,Ingested with good metadata,NEH,,\\libshare.library.vanderbilt.edu\vulibrary\Landers\new_organization\Angela\ESSS\digitalizacao Niteroi\Livros\Guapimirim\Guapimirim 004.1,ESSSS/Brazil/Rio de Janeiro/Guapirim/Igreja de Nossa Senhora d'Ajuda de Guapimirim,,essss:2710,2710,23,08/17/17,8/23/17,2017-08-23T00:00:00Z,8/23/17,
"Livro de Testamentos e Óbitos de Livres, 1749-1771",Metadata uploaded,Ingested,Ingested with good metadata,NEH,,\\libshare.library.vanderbilt.edu\vulibrary\Landers\new_organization\Angela\ESSS\digitalizacao Niteroi\Livros\Guapimirim\Guapimirim 005.1,ESSSS/Brazil/Rio de Janeiro/Guapirim/Igreja de Nossa Senhora d'Ajuda de Guapimirim,,essss:2779,2779,45,08/17/17,8/23/17,2017-08-23T00:00:00Z,8/23/17,
"[Óbitos de escravos, 1744-07-10 a 1744-11-26]: Freguesia de Nossa Senhora da Ajuda de Guapimirim",Metadata uploaded,Ingested,Ingested with good metadata,NEH,,\\libshare.library.vanderbilt.edu\vulibrary\Landers\new_organization\Angela\ESSS\digitalizacao Niteroi\Livros\Guapimirim\Guapimirim 006.1,ESSSS/Brazil/Rio de Janeiro/Guapirim/Igreja de Nossa Senhora d'Ajuda de Guapimirim,,essss:2839,2839,3,08/17/17,8/23/17,2017-08-23T00:00:00Z,8/23/17,
"Livro de Óbitos de Livres e Escravos, 1703-1706",Metadata uploaded,Ingested,Ingested with good metadata,NEH,,\\libshare.library.vanderbilt.edu\vulibrary\Landers\new_organization\Angela\ESSS\digitalizacao Niteroi\Livros\Guaratiba\Guaratiba 001.1,ESSSS/Brazil/Rio de Janeiro/Rio de Janeiro/São Salvador do Mundo,,essss:3061,3061,5,08/18/17,10/4/17,2017-10-04T00:00:00Z,10/4/17,"images rotated on Islandora, corrected on image server + correct pdf in n_o"
"Irmandade de Nossa Senhora da Conceição, Igreja Nossa Senhora da Piedade do Inhomorim, sêculo XIX",Metadata uploaded,Ingested,Ingested with passable metadata,NEH,,\\libshare.library.vanderbilt.edu\vulibrary\Landers\new_organization\Angela\ESSS\Irmandades\N. S. Conceicao - Mage\N. S. Conceicao 001.1,ESSSS/Brazil/Rio de Janeiro/Magé/Nossa Senhora da Piedade de Inhomorim,,essss:2946,2946,63,08/17/17,8/29/17,2017-08-29T00:00:00Z,8/29/17,"images rotated on Islandora, corrected on image server + correct pdf in n_o, more info about volume needed?"
"Compromisso da Irmandade de São Miguel e Almas da cidade de Magé, 1862",Metadata uploaded,Ingested,Ingested with passable metadata,NEH,,\\libshare.library.vanderbilt.edu\vulibrary\Landers\new_organization\Angela\ESSS\Irmandades\S. Miguel e Almas - Mage\Miguel e Almas 001.1,ESSSS/Brazil/Rio de Janeiro/Magé/Irmandade de São Miguel e Almas,,essss:38455,38455,34,09/15/17,9/18/17,2017-09-18T00:00:00Z,9/18/17,"images rotated on Islandora, corrected on image server + correct pdf in n_o, abstract needed?"
Libro de Venta de Esclavo,Metadata uploaded,Ingested,,EAP 255,,\\libshare.library.vanderbilt.edu\vulibrary\Landers\new_organization\Courtney\EAP255\Chocó\Quibdó\Notarias\Notaria_Primera_de_Quidbó\EAP255_CHOCO_QUIBDO_NOTARIAS_NOTARIAPRIMERA_001,ESSSS/Colombia/Chocó/Quibdó/Notaria Primera de Quibdó,,essss:56975,56975,495,12/17/17,,2017-12-17T00:00:00Z,12/17/17,
Libro de Escrituras (1813),Metadata uploaded,Ingested,,EAP 255,,\\libshare.library.vanderbilt.edu\vulibrary\Landers\new_organization\Courtney\EAP255\Chocó\Quibdó\Notarias\Notaria_Primera_de_Quidbó\EAP255_CHOCO_QUIBDO_NOTARIAS_NOTARIAPRIMERA_002,ESSSS/Colombia/Chocó/Quibdó/Notaria Primera de Quibdó,,essss:50483,50483,323,12/17/17,,2017-12-17T00:00:00Z,12/17/17,
Libro de Escrituras y Venta (1814),Metadata uploaded,Ingested,,EAP 255,,\\libshare.library.vanderbilt.edu\vulibrary\Landers\new_organization\Courtney\EAP255\Chocó\Quibdó\Notarias\Notaria_Primera_de_Quidbó\EAP255_CHOCO_QUIBDO_NOTARIAS_NOTARIAPRIMERA_003,ESSSS/Colombia/Chocó/Quibdó/Notaria Primera de Quibdó,,essss:50809,50809,335,12/17/17,,2017-12-17T00:00:00Z,12/17/17,
Libro de Escrituras (1815),Metadata uploaded,Ingested,,EAP 255,,\\libshare.library.vanderbilt.edu\vulibrary\Landers\new_organization\Courtney\EAP255\Chocó\Quibdó\Notarias\Notaria_Primera_de_Quidbó\EAP255_CHOCO_QUIBDO_NOTARIAS_NOTARIAPRIMERA_004,ESSSS/Colombia/Chocó/Quibdó/Notaria Primera de Quibdó,,essss:69055,69055,347,12/17/17,,2017-12-17T00:00:00Z,12/17/17,
Libro de Escrituras (1818),Metadata uploaded,Ingested,,EAP 255,,\\libshare.library.vanderbilt.edu\vulibrary\Landers\new_organization\Courtney\EAP255\Chocó\Quibdó\Notarias\Notaria_Primera_de_Quidbó\EAP255_CHOCO_QUIBDO_NOTARIAS_NOTARIAPRIMERA_005,ESSSS/Colombia/Chocó/Quibdó/Notaria Primera de Quibdó,,essss:51145,51145,271,12/17/17,,2017-12-17T00:00:00Z,12/17/17,
Libro de Escrituras (1819),Metadata uploaded,Ingested,,EAP 255,,\\libshare.library.vanderbilt.edu\vulibrary\Landers\new_organization\Courtney\EAP255\Chocó\Quibdó\Notarias\Notaria_Primera_de_Quidbó\EAP255_CHOCO_QUIBDO_NOTARIAS_NOTARIAPRIMERA_006,ESSSS/Colombia/Chocó/Quibdó/Notaria Primera de Quibdó,,essss:69571,69571,262,12/17/17,,2017-12-17T00:00:00Z,12/17/17,
Libro de Escrituras (1827),Metadata uploaded,Ingested,,EAP 255,,\\libshare.library.vanderbilt.edu\vulibrary\Landers\new_organization\Courtney\EAP255\Chocó\Quibdó\Notarias\Notaria_Primera_de_Quidbó\EAP255_CHOCO_QUIBDO_NOTARIAS_NOTARIAPRIMERA_007,ESSSS/Colombia/Chocó/Quibdó/Notaria Primera de Quibdó,,essss:70306,70306,155,12/17/17,,2017-12-17T00:00:00Z,12/17/17,
Libro de Escrituras (1828),Metadata uploaded,Ingested,,EAP 255,,\\libshare.library.vanderbilt.edu\vulibrary\Landers\new_organization\Courtney\EAP255\Chocó\Quibdó\Notarias\Notaria_Primera_de_Quidbó\EAP255_CHOCO_QUIBDO_NOTARIAS_NOTARIAPRIMERA_008,ESSSS/Colombia/Chocó/Quibdó/Notaria Primera de Quibdó,,essss:51418,51418,485,12/17/17,,2017-12-17T00:00:00Z,12/17/17,
Libro de Venta de Esclavo (1831),Metadata uploaded,Ingested,,EAP 255,,\\libshare.library.vanderbilt.edu\vulibrary\Landers\new_organization\Courtney\EAP255\Chocó\Quibdó\Notarias\Notaria_Primera_de_Quidbó\EAP255_CHOCO_QUIBDO_NOTARIAS_NOTARIAPRIMERA_009,ESSSS/Colombia/Chocó/Quibdó/Notaria Primera de Quibdó,,essss:69834,69834,471,12/17/17,,2017-12-17T00:00:00Z,12/17/17,
Notaría Libro (1832),Metadata uploaded,Ingested,,EAP 255,,\\libshare.library.vanderbilt.edu\vulibrary\Landers\new_organization\Courtney\EAP255\Chocó\Quibdó\Notarias\Notaria_Primera_de_Quidbó\EAP255_CHOCO_QUIBDO_NOTARIAS_NOTARIAPRIMERA_010,ESSSS/Colombia/Chocó/Quibdó/Notaria Primera de Quibdó,,essss:71711,71711,307,12/17/17,,2017-12-17T00:00:00Z,12/17/17,
Libro de Documentos Varios (1833),Metadata uploaded,Ingested,,EAP 255,,\\libshare.library.vanderbilt.edu\vulibrary\Landers\new_organization\Courtney\EAP255\Chocó\Quibdó\Notarias\Notaria_Primera_de_Quidbó\EAP255_CHOCO_QUIBDO_NOTARIAS_NOTARIAPRIMERA_011,ESSSS/Colombia/Chocó/Quibdó/Notaria Primera de Quibdó,,essss:51904,51904,380,12/17/17,,2017-12-17T00:00:00Z,12/17/17,
Libro de Escrituras y Demas Instrumentos Públicos (1834),Metadata uploaded,Ingested,,EAP 255,,\\libshare.library.vanderbilt.edu\vulibrary\Landers\new_organization\Courtney\EAP255\Chocó\Quibdó\Notarias\Notaria_Primera_de_Quidbó\EAP255_CHOCO_QUIBDO_NOTARIAS_NOTARIAPRIMERA_012,ESSSS/Colombia/Chocó/Quibdó/Notaria Primera de Quibdó,,essss:52285,52285,293,12/17/17,,2017-12-17T00:00:00Z,12/17/17,
Libro de Escrituras (1835),Metadata uploaded,Ingested,,EAP 255,,\\libshare.library.vanderbilt.edu\vulibrary\Landers\new_organization\Courtney\EAP255\Chocó\Quibdó\Notarias\Notaria_Primera_de_Quidbó\EAP255_CHOCO_QUIBDO_NOTARIAS_NOTARIAPRIMERA_013,ESSSS/Colombia/Chocó/Quibdó/Notaria Primera de Quibdó,,essss:70462,70462,879,12/17/17,,2017-12-17T00:00:00Z,12/17/17,
Libro de Escritura (1836),Metadata uploaded,Ingested,,EAP 255,,\\libshare.library.vanderbilt.edu\vulibrary\Landers\new_organization\Courtney\EAP255\Chocó\Quibdó\Notarias\Notaria_Primera_de_Quidbó\EAP255_CHOCO_QUIBDO_NOTARIAS_NOTARIAPRIMERA_014,ESSSS/Colombia/Chocó/Quibdó/Notaria Primera de Quibdó,,essss:52978,52978,109,12/17/17,,2017-12-17T00:00:00Z,12/17/17,
Libro de Poder General (1838),Metadata uploaded,Ingested,,EAP 255,,\\libshare.library.vanderbilt.edu\vulibrary\Landers\new_organization\Courtney\EAP255\Chocó\Quibdó\Notarias\Notaria_Primera_de_Quidbó\EAP255_CHOCO_QUIBDO_NOTARIAS_NOTARIAPRIMERA_015,ESSSS/Colombia/Chocó/Quibdó/Notaria Primera de Quibdó,,essss:52579,52579,398,12/17/17,,2017-12-17T00:00:00Z,12/17/17,
Libro de Escritura (1839),Metadata uploaded,Ingested,,EAP 255,,\\libshare.library.vanderbilt.edu\vulibrary\Landers\new_organization\Courtney\EAP255\Chocó\Quibdó\Notarias\Notaria_Primera_de_Quidbó\EAP255_CHOCO_QUIBDO_NOTARIAS_NOTARIAPRIMERA_016,ESSSS/Colombia/Chocó/Quibdó/Notaria Primera de Quibdó,,essss:53359,53359,468,12/17/17,,2017-12-17T00:00:00Z,12/17/17,
Libro de Escritura (1840),Metadata uploaded,Ingested,,EAP 255,,\\libshare.library.vanderbilt.edu\vulibrary\Landers\new_organization\Courtney\EAP255\Chocó\Quibdó\Notarias\Notaria_Primera_de_Quidbó\EAP255_CHOCO_QUIBDO_NOTARIAS_NOTARIAPRIMERA_017,ESSSS/Colombia/Chocó/Quibdó/Notaria Primera de Quibdó,,essss:71342,71342,368,12/17/17,,2017-12-17T00:00:00Z,12/17/17,
Libro de Escritura (1841),Metadata uploaded,Ingested,,EAP 255,,\\libshare.library.vanderbilt.edu\vulibrary\Landers\new_organization\Courtney\EAP255\Chocó\Quibdó\Notarias\Notaria_Primera_de_Quidbó\EAP255_CHOCO_QUIBDO_NOTARIAS_NOTARIAPRIMERA_018,ESSSS/Colombia/Chocó/Quibdó/Notaria Primera de Quibdó,,essss:54132,54132,616,12/17/17,,2017-12-17T00:00:00Z,12/17/17,
Libro de Escritura (1842),Metadata uploaded,Ingested,,EAP 255,,\\libshare.library.vanderbilt.edu\vulibrary\Landers\new_organization\Courtney\EAP255\Chocó\Quibdó\Notarias\Notaria_Primera_de_Quidbó\EAP255_CHOCO_QUIBDO_NOTARIAS_NOTARIAPRIMERA_019,ESSSS/Colombia/Chocó/Quibdó/Notaria Primera de Quibdó,,essss:74691,74691,297,12/17/17,,2017-12-17T00:00:00Z,12/17/17,
Libro de Escritura (1844),Metadata uploaded,Ingested,,EAP 255,,\\libshare.library.vanderbilt.edu\vulibrary\Landers\new_organization\Courtney\EAP255\Chocó\Quibdó\Notarias\Notaria_Primera_de_Quidbó\EAP255_CHOCO_QUIBDO_NOTARIAS_NOTARIAPRIMERA_020,ESSSS/Colombia/Chocó/Quibdó/Notaria Primera de Quibdó,,essss:53088,53088,369,12/17/17,,2017-12-17T00:00:00Z,12/17/17,
Libro de Escritura (1845),Metadata uploaded,Ingested,,EAP 255,,\\libshare.library.vanderbilt.edu\vulibrary\Landers\new_organization\Courtney\EAP255\Chocó\Quibdó\Notarias\Notaria_Primera_de_Quidbó\EAP255_CHOCO_QUIBDO_NOTARIAS_NOTARIAPRIMERA_021,ESSSS/Colombia/Chocó/Quibdó/Notaria Primera de Quibdó,,essss:54694,54694,340,12/17/17,,2017-12-17T00:00:00Z,12/17/17,
Libro de Escritura (1846),Metadata uploaded,Ingested,,EAP 255,,\\libshare.library.vanderbilt.edu\vulibrary\Landers\new_organization\Courtney\EAP255\Chocó\Quibdó\Notarias\Notaria_Primera_de_Quidbó\EAP255_CHOCO_QUIBDO_NOTARIAS_NOTARIAPRIMERA_022,ESSSS/Colombia/Chocó/Quibdó/Notaria Primera de Quibdó,,essss:74257,74257,253,12/17/17,,2017-12-17T00:00:00Z,12/17/17,
Libro de Escritura (1847),Metadata uploaded,Ingested,,EAP 255,,\\libshare.library.vanderbilt.edu\vulibrary\Landers\new_organization\Courtney\EAP255\Chocó\Quibdó\Notarias\Notaria_Primera_de_Quidbó\EAP255_CHOCO_QUIBDO_NOTARIAS_NOTARIAPRIMERA_023,ESSSS/Colombia/Chocó/Quibdó/Notaria Primera de Quibdó,,essss:53828,53828,303,12/17/17,,2017-12-17T00:00:00Z,12/17/17,
Libro de Escritura (1848),Metadata uploaded,Ingested,,EAP 255,,\\libshare.library.vanderbilt.edu\vulibrary\Landers\new_organization\Courtney\EAP255\Chocó\Quibdó\Notarias\Notaria_Primera_de_Quidbó\EAP255_CHOCO_QUIBDO_NOTARIAS_NOTARIAPRIMERA_024,ESSSS/Colombia/Chocó/Quibdó/Notaria Primera de Quibdó,,essss:55620,55620,477,12/17/17,,2017-12-17T00:00:00Z,12/17/17,
Libro de Escritura (1850),Metadata uploaded,Ingested,,EAP 255,,\\libshare.library.vanderbilt.edu\vulibrary\Landers\new_organization\Courtney\EAP255\Chocó\Quibdó\Notarias\Notaria_Primera_de_Quidbó\EAP255_CHOCO_QUIBDO_NOTARIAS_NOTARIAPRIMERA_025,ESSSS/Colombia/Chocó/Quibdó/Notaria Primera de Quibdó,,essss:56017,56017,298,12/17/17,,2017-12-17T00:00:00Z,12/17/17,
Libro de Escritura (1852),Metadata uploaded,Ingested,,EAP 255,,\\libshare.library.vanderbilt.edu\vulibrary\Landers\new_organization\Courtney\EAP255\Chocó\Quibdó\Notarias\Notaria_Primera_de_Quidbó\EAP255_CHOCO_QUIBDO_NOTARIAS_NOTARIAPRIMERA_026,ESSSS/Colombia/Chocó/Quibdó/Notaria Primera de Quibdó,,essss:74511,74511,179,12/17/17,,2017-12-17T00:00:00Z,12/17/17,
Libro de Escritura (1853),Metadata uploaded,Ingested,,EAP 255,,\\libshare.library.vanderbilt.edu\vulibrary\Landers\new_organization\Courtney\EAP255\Chocó\Quibdó\Notarias\Notaria_Primera_de_Quidbó\EAP255_CHOCO_QUIBDO_NOTARIAS_NOTARIAPRIMERA_027,ESSSS/Colombia/Chocó/Quibdó/Notaria Primera de Quibdó,,essss:76917,76917,355,12/17/17,,2017-12-17T00:00:00Z,12/17/17,
Libro de Escritura (1854),Metadata uploaded,Ingested,,EAP 255,,\\libshare.library.vanderbilt.edu\vulibrary\Landers\new_organization\Courtney\EAP255\Chocó\Quibdó\Notarias\Notaria_Primera_de_Quidbó\EAP255_CHOCO_QUIBDO_NOTARIAS_NOTARIAPRIMERA_028,ESSSS/Colombia/Chocó/Quibdó/Notaria Primera de Quibdó,,essss:56778,56778,494,12/17/17,,2017-12-17T00:00:00Z,12/17/17,
Libro de Instrumentos Públicos (1855),Metadata uploaded,Ingested,,EAP 255,,\\libshare.library.vanderbilt.edu\vulibrary\Landers\new_organization\Courtney\EAP255\Chocó\Quibdó\Notarias\Notaria_Primera_de_Quidbó\EAP255_CHOCO_QUIBDO_NOTARIAS_NOTARIAPRIMERA_029,ESSSS/Colombia/Chocó/Quibdó/Notaria Primera de Quibdó,,essss:139467,139467,275,12/17/17,,2017-12-17T00:00:00Z,12/17/17,
Libro de Escritura (1856),Metadata uploaded,Ingested,,EAP 255,,\\libshare.library.vanderbilt.edu\vulibrary\Landers\new_organization\Courtney\EAP255\Chocó\Quibdó\Notarias\Notaria_Primera_de_Quidbó\EAP255_CHOCO_QUIBDO_NOTARIAS_NOTARIAPRIMERA_030,ESSSS/Colombia/Chocó/Quibdó/Notaria Primera de Quibdó,,essss:56315,56315,461,12/17/17,,2017-12-17T00:00:00Z,12/17/17,
Libro de Escritura (1857),Metadata uploaded,Ingested,,EAP 255,,\\libshare.library.vanderbilt.edu\vulibrary\Landers\new_organization\Courtney\EAP255\Chocó\Quibdó\Notarias\Notaria_Primera_de_Quidbó\EAP255_CHOCO_QUIBDO_NOTARIAS_NOTARIAPRIMERA_031,ESSSS/Colombia/Chocó/Quibdó/Notaria Primera de Quibdó,,essss:76617,76617,299,12/17/17,,2017-12-17T00:00:00Z,12/17/17,
Libro de Escritura (1858),Metadata uploaded,Ingested,,EAP 255,,\\libshare.library.vanderbilt.edu\vulibrary\Landers\new_organization\Courtney\EAP255\Chocó\Quibdó\Notarias\Notaria_Primera_de_Quidbó\EAP255_CHOCO_QUIBDO_NOTARIAS_NOTARIAPRIMERA_032,ESSSS/Colombia/Chocó/Quibdó/Notaria Primera de Quibdó,,essss:82894,82894,277,12/17/17,,2017-12-17T00:00:00Z,12/17/17,
Libro de Escritura (1859),Metadata uploaded,Ingested,,EAP 255,,\\libshare.library.vanderbilt.edu\vulibrary\Landers\new_organization\Courtney\EAP255\Chocó\Quibdó\Notarias\Notaria_Primera_de_Quidbó\EAP255_CHOCO_QUIBDO_NOTARIAS_NOTARIAPRIMERA_033,ESSSS/Colombia/Chocó/Quibdó/Notaria Primera de Quibdó,,essss:82478,82478,205,12/17/17,,2017-12-17T00:00:00Z,12/17/17,
Libro de Escritura (1860),Metadata uploaded,Ingested,,EAP 255,,\\libshare.library.vanderbilt.edu\vulibrary\Landers\new_organization\Courtney\EAP255\Chocó\Quibdó\Notarias\Notaria_Primera_de_Quidbó\EAP255_CHOCO_QUIBDO_NOTARIAS_NOTARIAPRIMERA_034,ESSSS/Colombia/Chocó/Quibdó/Notaria Primera de Quibdó,,essss:82684,82684,209,12/17/17,,2017-12-17T00:00:00Z,12/17/17,
Libro de Escritura y Poderes Especiales (1861),Metadata uploaded,Ingested,,EAP 255,,\\libshare.library.vanderbilt.edu\vulibrary\Landers\new_organization\Courtney\EAP255\Chocó\Quibdó\Notarias\Notaria_Primera_de_Quidbó\EAP255_CHOCO_QUIBDO_NOTARIAS_NOTARIAPRIMERA_035,ESSSS/Colombia/Chocó/Quibdó/Notaria Primera de Quibdó,,essss:84717,84717,336,12/17/17,,2017-12-17T00:00:00Z,12/17/17,
Libro de Escritura y Poderes Especiales (1862),Metadata uploaded,Ingested,,EAP 255,,\\libshare.library.vanderbilt.edu\vulibrary\Landers\new_organization\Courtney\EAP255\Chocó\Quibdó\Notarias\Notaria_Primera_de_Quidbó\EAP255_CHOCO_QUIBDO_NOTARIAS_NOTARIAPRIMERA_036,ESSSS/Colombia/Chocó/Quibdó/Notaria Primera de Quibdó,,essss:84469,84469,247,12/17/17,,2017-12-17T00:00:00Z,12/17/17,
Libro de Escritura e Instrumentos Públicos (1863),Metadata uploaded,Ingested,,EAP 255,,\\libshare.library.vanderbilt.edu\vulibrary\Landers\new_organization\Courtney\EAP255\Chocó\Quibdó\Notarias\Notaria_Primera_de_Quidbó\EAP255_CHOCO_QUIBDO_NOTARIAS_NOTARIAPRIMERA_037,ESSSS/Colombia/Chocó/Quibdó/Notaria Primera de Quibdó,,essss:84113,84113,355,12/17/17,,2017-12-17T00:00:00Z,12/17/17,
Libro de Escritura (1864),Metadata uploaded,Ingested,,EAP 255,,\\libshare.library.vanderbilt.edu\vulibrary\Landers\new_organization\Courtney\EAP255\Chocó\Quibdó\Notarias\Notaria_Primera_de_Quidbó\EAP255_CHOCO_QUIBDO_NOTARIAS_NOTARIAPRIMERA_038,ESSSS/Colombia/Chocó/Quibdó/Notaria Primera de Quibdó,,essss:98445,98445,331,12/17/17,,2017-12-17T00:00:00Z,12/17/17,
Libro de Escritura (1865),Metadata uploaded,Ingested,,EAP 255,,\\libshare.library.vanderbilt.edu\vulibrary\Landers\new_organization\Courtney\EAP255\Chocó\Quibdó\Notarias\Notaria_Primera_de_Quidbó\EAP255_CHOCO_QUIBDO_NOTARIAS_NOTARIAPRIMERA_039,ESSSS/Colombia/Chocó/Quibdó/Notaria Primera de Quibdó,,essss:97333,97333,289,12/17/17,,2017-12-17T00:00:00Z,12/17/17,
Libro de Escritura (1867),Metadata uploaded,Ingested,,EAP 255,,\\libshare.library.vanderbilt.edu\vulibrary\Landers\new_organization\Courtney\EAP255\Chocó\Quibdó\Notarias\Notaria_Primera_de_Quidbó\EAP255_CHOCO_QUIBDO_NOTARIAS_NOTARIAPRIMERA_040,ESSSS/Colombia/Chocó/Quibdó/Notaria Primera de Quibdó,,essss:92786,92786,375,12/17/17,,2017-12-17T00:00:00Z,12/17/17,
Libro de Escritura (1866),Metadata uploaded,Ingested,,EAP 255,,\\libshare.library.vanderbilt.edu\vulibrary\Landers\new_organization\Courtney\EAP255\Chocó\Quibdó\Notarias\Notaria_Primera_de_Quidbó\EAP255_CHOCO_QUIBDO_NOTARIAS_NOTARIAPRIMERA_041,ESSSS/Colombia/Chocó/Quibdó/Notaria Primera de Quibdó,,essss:96936,96936,396,12/17/17,,2017-12-17T00:00:00Z,12/17/17,
Libro de Escrituras y Poderes Especiales (1868),Metadata uploaded,Ingested,,EAP 255,,\\libshare.library.vanderbilt.edu\vulibrary\Landers\new_organization\Courtney\EAP255\Chocó\Quibdó\Notarias\Notaria_Primera_de_Quidbó\EAP255_CHOCO_QUIBDO_NOTARIAS_NOTARIAPRIMERA_042,ESSSS/Colombia/Chocó/Quibdó/Notaria Primera de Quibdó,,essss:92340,92340,445,12/17/17,,2017-12-17T00:00:00Z,12/17/17,
Libro de Escritura (1870-1871),Metadata uploaded,Ingested,,EAP 255,,\\libshare.library.vanderbilt.edu\vulibrary\Landers\new_organization\Courtney\EAP255\Chocó\Quibdó\Notarias\Notaria_Primera_de_Quidbó\EAP255_CHOCO_QUIBDO_NOTARIAS_NOTARIAPRIMERA_043,ESSSS/Colombia/Chocó/Quibdó/Notaria Primera de Quibdó,,essss:104033,104033,374,12/17/17,,2017-12-17T00:00:00Z,12/17/17,
Libro de Escritura (1872-1873),Metadata uploaded,Ingested,,EAP 255,,\\libshare.library.vanderbilt.edu\vulibrary\Landers\new_organization\Courtney\EAP255\Chocó\Quibdó\Notarias\Notaria_Primera_de_Quidbó\EAP255_CHOCO_QUIBDO_NOTARIAS_NOTARIAPRIMERA_044,ESSSS/Colombia/Chocó/Quibdó/Notaria Primera de Quibdó,,essss:103347,103347,655,12/17/17,,2017-12-17T00:00:00Z,12/17/17,
Libro de Escritura (1875),Metadata uploaded,Ingested,,EAP 255,,\\libshare.library.vanderbilt.edu\vulibrary\Landers\new_organization\Courtney\EAP255\Chocó\Quibdó\Notarias\Notaria_Primera_de_Quidbó\EAP255_CHOCO_QUIBDO_NOTARIAS_NOTARIAPRIMERA_045,ESSSS/Colombia/Chocó/Quibdó/Notaria Primera de Quibdó,,essss:104378,104378,509,12/17/17,,2017-12-17T00:00:00Z,12/17/17,
Libro de Escritura (1876-1877),Metadata uploaded,Ingested,,EAP 255,,\\libshare.library.vanderbilt.edu\vulibrary\Landers\new_organization\Courtney\EAP255\Chocó\Quibdó\Notarias\Notaria_Primera_de_Quidbó\EAP255_CHOCO_QUIBDO_NOTARIAS_NOTARIAPRIMERA_046,ESSSS/Colombia/Chocó/Quibdó/Notaria Primera de Quibdó,,essss:105808,105808,489,12/17/17,,2017-12-17T00:00:00Z,12/17/17,
Libro de Escritura (1880-1881),Metadata uploaded,Ingested,,EAP 255,,\\libshare.library.vanderbilt.edu\vulibrary\Landers\new_organization\Courtney\EAP255\Chocó\Quibdó\Notarias\Notaria_Primera_de_Quidbó\EAP255_CHOCO_QUIBDO_NOTARIAS_NOTARIAPRIMERA_047,ESSSS/Colombia/Chocó/Quibdó/Notaria Primera de Quibdó,,essss:104888,104888,919,12/17/17,,2017-12-17T00:00:00Z,12/17/17,
"Libro de Hacienda, Escrituras e Instrumentos Públicos (1884-1885)",Metadata uploaded,Ingested,,EAP 255,,\\libshare.library.vanderbilt.edu\vulibrary\Landers\new_organization\Courtney\EAP255\Chocó\Quibdó\Notarias\Notaria_Primera_de_Quidbó\EAP255_CHOCO_QUIBDO_NOTARIAS_NOTARIAPRIMERA_048,ESSSS/Colombia/Chocó/Quibdó/Notaria Primera de Quibdó,,essss:106298,106298,603,12/17/17,,2017-12-17T00:00:00Z,12/17/17,
Libro de Escritura (1886-1887),Metadata uploaded,Ingested,,EAP 255,,\\libshare.library.vanderbilt.edu\vulibrary\Landers\new_organization\Courtney\EAP255\Chocó\Quibdó\Notarias\Notaria_Primera_de_Quidbó\EAP255_CHOCO_QUIBDO_NOTARIAS_NOTARIAPRIMERA_049,ESSSS/Colombia/Chocó/Quibdó/Notaria Primera de Quibdó,,essss:114722,114722,925,12/17/17,,2017-12-17T00:00:00Z,12/17/17,
Libro de Protocoloización de Documentos de Ventas y Escrituras (1889),Metadata uploaded,Ingested,,EAP 255,,\\libshare.library.vanderbilt.edu\vulibrary\Landers\new_organization\Courtney\EAP255\Chocó\Quibdó\Notarias\Notaria_Primera_de_Quidbó\EAP255_CHOCO_QUIBDO_NOTARIAS_NOTARIAPRIMERA_050,ESSSS/Colombia/Chocó/Quibdó/Notaria Primera de Quibdó,,essss:116278,116278,949,12/17/17,,2017-12-17T00:00:00Z,12/17/17,
Notaría Libro (1890),Metadata uploaded,Ingested,,EAP 255,,\\libshare.library.vanderbilt.edu\vulibrary\Landers\new_organization\Courtney\EAP255\Chocó\Quibdó\Notarias\Notaria_Primera_de_Quidbó\EAP255_CHOCO_QUIBDO_NOTARIAS_NOTARIAPRIMERA_051,ESSSS/Colombia/Chocó/Quibdó/Notaria Primera de Quibdó,,essss:115648,115648,629,12/17/17,,2017-12-17T00:00:00Z,12/17/17,
Notaría Libro (1891),Metadata uploaded,Ingested,,EAP 255,,\\libshare.library.vanderbilt.edu\vulibrary\Landers\new_organization\Courtney\EAP255\Chocó\Quibdó\Notarias\Notaria_Primera_de_Quidbó\EAP255_CHOCO_QUIBDO_NOTARIAS_NOTARIAPRIMERA_052,ESSSS/Colombia/Chocó/Quibdó/Notaria Primera de Quibdó,,essss:118421,118421,678,12/17/17,,2017-12-17T00:00:00Z,12/17/17,
Notaría Libro (1893),Metadata uploaded,Ingested,,EAP 255,,\\libshare.library.vanderbilt.edu\vulibrary\Landers\new_organization\Courtney\EAP255\Chocó\Quibdó\Notarias\Notaria_Primera_de_Quidbó\EAP255_CHOCO_QUIBDO_NOTARIAS_NOTARIAPRIMERA_053,ESSSS/Colombia/Chocó/Quibdó/Notaria Primera de Quibdó,,essss:119100,119100,401,12/17/17,,2017-12-17T00:00:00Z,12/17/17,
Notaría Libro (1894),Metadata uploaded,Ingested,,EAP 255,,\\libshare.library.vanderbilt.edu\vulibrary\Landers\new_organization\Courtney\EAP255\Chocó\Quibdó\Notarias\Notaria_Primera_de_Quidbó\EAP255_CHOCO_QUIBDO_NOTARIAS_NOTARIAPRIMERA_054,ESSSS/Colombia/Chocó/Quibdó/Notaria Primera de Quibdó,,essss:119502,119502,599,12/17/17,,2017-12-17T00:00:00Z,12/17/17,
Notaría Libro (1895),Metadata uploaded,Ingested,,EAP 255,,\\libshare.library.vanderbilt.edu\vulibrary\Landers\new_organization\Courtney\EAP255\Chocó\Quibdó\Notarias\Notaria_Primera_de_Quidbó\EAP255_CHOCO_QUIBDO_NOTARIAS_NOTARIAPRIMERA_055,ESSSS/Colombia/Chocó/Quibdó/Notaria Primera de Quibdó,,essss:136299,136299,539,12/17/17,,2017-12-17T00:00:00Z,12/17/17,
Libro de Escrituras (1896),Metadata uploaded,Ingested,,EAP 255,,\\libshare.library.vanderbilt.edu\vulibrary\Landers\new_organization\Courtney\EAP255\Chocó\Quibdó\Notarias\Notaria_Primera_de_Quidbó\EAP255_CHOCO_QUIBDO_NOTARIAS_NOTARIAPRIMERA_056,ESSSS/Colombia/Chocó/Quibdó/Notaria Primera de Quibdó,,essss:136839,136839,346,12/17/17,,2017-12-17T00:00:00Z,12/17/17,
Libro de Escrituras (1897),Metadata uploaded,Ingested,,EAP 255,,\\libshare.library.vanderbilt.edu\vulibrary\Landers\new_organization\Courtney\EAP255\Chocó\Quibdó\Notarias\Notaria_Primera_de_Quidbó\EAP255_CHOCO_QUIBDO_NOTARIAS_NOTARIAPRIMERA_057,ESSSS/Colombia/Chocó/Quibdó/Notaria Primera de Quibdó,,essss:137186,137186,699,12/17/17,,2017-12-17T00:00:00Z,12/17/17,
Libro de Escrituras (1898 tomo 1),Metadata uploaded,Ingested,,EAP 255,,\\libshare.library.vanderbilt.edu\vulibrary\Landers\new_organization\Courtney\EAP255\Chocó\Quibdó\Notarias\Notaria_Primera_de_Quidbó\EAP255_CHOCO_QUIBDO_NOTARIAS_NOTARIAPRIMERA_058,ESSSS/Colombia/Chocó/Quibdó/Notaria Primera de Quibdó,,essss:139743,139743,447,12/17/17,,2017-12-17T00:00:00Z,12/17/17,
Libro de Escrituras (1898 tomo 2),Metadata uploaded,Ingested,,EAP 255,,\\libshare.library.vanderbilt.edu\vulibrary\Landers\new_organization\Courtney\EAP255\Chocó\Quibdó\Notarias\Notaria_Primera_de_Quidbó\EAP255_CHOCO_QUIBDO_NOTARIAS_NOTARIAPRIMERA_059,ESSSS/Colombia/Chocó/Quibdó/Notaria Primera de Quibdó,,essss:145029,145029,363,12/17/17,,2017-12-17T00:00:00Z,12/17/17,
Libro de Escrituras (1899),Metadata uploaded,Ingested,,EAP 255,,\\libshare.library.vanderbilt.edu\vulibrary\Landers\new_organization\Courtney\EAP255\Chocó\Quibdó\Notarias\Notaria_Primera_de_Quidbó\EAP255_CHOCO_QUIBDO_NOTARIAS_NOTARIAPRIMERA_060,ESSSS/Colombia/Chocó/Quibdó/Notaria Primera de Quibdó,,essss:144195,144195,833,12/17/17,,2017-12-17T00:00:00Z,12/17/17,
Libro de Escrituras (1902),Metadata uploaded,Ingested,,EAP 255,,\\libshare.library.vanderbilt.edu\vulibrary\Landers\new_organization\Courtney\EAP255\Chocó\Quibdó\Notarias\Notaria_Primera_de_Quidbó\EAP255_CHOCO_QUIBDO_NOTARIAS_NOTARIAPRIMERA_061,ESSSS/Colombia/Chocó/Quibdó/Notaria Primera de Quibdó,,essss:145393,145393,574,12/17/17,,2017-12-17T00:00:00Z,12/17/17,
Libro de Escrituras (1903),Metadata uploaded,Ingested,,EAP 255,,\\libshare.library.vanderbilt.edu\vulibrary\Landers\new_organization\Courtney\EAP255\Chocó\Quibdó\Notarias\Notaria_Primera_de_Quidbó\EAP255_CHOCO_QUIBDO_NOTARIAS_NOTARIAPRIMERA_062,ESSSS/Colombia/Chocó/Quibdó/Notaria Primera de Quibdó,,essss:150159,150159,565,12/17/17,,2017-12-17T00:00:00Z,12/17/17,
Libro de Escrituras y Reconocimiento de Hijos Legítimos (1904 tomo 1),Metadata uploaded,Ingested,,EAP 255,,\\libshare.library.vanderbilt.edu\vulibrary\Landers\new_organization\Courtney\EAP255\Chocó\Quibdó\Notarias\Notaria_Primera_de_Quidbó\EAP255_CHOCO_QUIBDO_NOTARIAS_NOTARIAPRIMERA_063,ESSSS/Colombia/Chocó/Quibdó/Notaria Primera de Quibdó,,essss:150725,150725,687,12/17/17,,2017-12-17T00:00:00Z,12/17/17,
Libro de Escrituras y Reconocimiento de Hijos Legítimos (1904 tomo 2),Metadata uploaded,Ingested,,EAP 255,,\\libshare.library.vanderbilt.edu\vulibrary\Landers\new_organization\Courtney\EAP255\Chocó\Quibdó\Notarias\Notaria_Primera_de_Quidbó\EAP255_CHOCO_QUIBDO_NOTARIAS_NOTARIAPRIMERA_064,ESSSS/Colombia/Chocó/Quibdó/Notaria Primera de Quibdó,,essss:148065,148065,911,12/17/17,,2017-12-17T00:00:00Z,12/17/17,
Libro de Escrituras (1905 tomo 1),Metadata uploaded,Ingested,,EAP 255,,\\libshare.library.vanderbilt.edu\vulibrary\Landers\new_organization\Courtney\EAP255\Chocó\Quibdó\Notarias\Notaria_Primera_de_Quidbó\EAP255_CHOCO_QUIBDO_NOTARIAS_NOTARIAPRIMERA_065,ESSSS/Colombia/Chocó/Quibdó/Notaria Primera de Quibdó,,essss:149503,149503,655,12/17/17,,2017-12-17T00:00:00Z,12/17/17,
Libro de Escrituras (1905 tomo 2),Metadata uploaded,Ingested,,EAP 255,,\\libshare.library.vanderbilt.edu\vulibrary\Landers\new_organization\Courtney\EAP255\Chocó\Quibdó\Notarias\Notaria_Primera_de_Quidbó\EAP255_CHOCO_QUIBDO_NOTARIAS_NOTARIAPRIMERA_066,ESSSS/Colombia/Chocó/Quibdó/Notaria Primera de Quibdó,,essss:148977,148977,525,12/17/17,,2017-12-17T00:00:00Z,12/17/17,
Libro de Escrituras (1905 tomo 3),Metadata uploaded,Ingested,,EAP 255,,\\libshare.library.vanderbilt.edu\vulibrary\Landers\new_organization\Courtney\EAP255\Chocó\Quibdó\Notarias\Notaria_Primera_de_Quidbó\EAP255_CHOCO_QUIBDO_NOTARIAS_NOTARIAPRIMERA_067,ESSSS/Colombia/Chocó/Quibdó/Notaria Primera de Quibdó,,essss:155088,155088,459,12/17/17,,2017-12-17T00:00:00Z,12/17/17,
"Libro de Escrituras, Ventas de Terrenos, y Declaraciones Varias (1905 tomo 4)",Metadata uploaded,Ingested,,EAP 255,,\\libshare.library.vanderbilt.edu\vulibrary\Landers\new_organization\Courtney\EAP255\Chocó\Quibdó\Notarias\Notaria_Primera_de_Quidbó\EAP255_CHOCO_QUIBDO_NOTARIAS_NOTARIAPRIMERA_068,ESSSS/Colombia/Chocó/Quibdó/Notaria Primera de Quibdó,,essss:161114,161114,503,12/17/17,,2017-12-17T00:00:00Z,12/17/17,
"Libro de Escrituras, Ventas de Terrenos, y Protocolización de Documents (1906 tomo 1)",Metadata uploaded,Ingested,,EAP 255,,\\libshare.library.vanderbilt.edu\vulibrary\Landers\new_organization\Courtney\EAP255\Chocó\Quibdó\Notarias\Notaria_Primera_de_Quidbó\EAP255_CHOCO_QUIBDO_NOTARIAS_NOTARIAPRIMERA_069,ESSSS/Colombia/Chocó/Quibdó/Notaria Primera de Quibdó,,essss:162346,162346,637,12/17/17,,2017-12-17T00:00:00Z,12/17/17,
"Libro de Escrituras, Ventas de Terrenos, Declaraciones Varias y Protocolización de Documentos (1907 tomo 1)",Metadata uploaded,Ingested,,EAP 255,,\\libshare.library.vanderbilt.edu\vulibrary\Landers\new_organization\Courtney\EAP255\Chocó\Quibdó\Notarias\Notaria_Primera_de_Quidbó\EAP255_CHOCO_QUIBDO_NOTARIAS_NOTARIAPRIMERA_070,ESSSS/Colombia/Chocó/Quibdó/Notaria Primera de Quibdó,,essss:160422,160422,691,12/17/17,,2017-12-17T00:00:00Z,12/17/17,
Libro de Escrituras y Protocolización (1907 tomo 2),Metadata uploaded,Ingested,,EAP 255,,\\libshare.library.vanderbilt.edu\vulibrary\Landers\new_organization\Courtney\EAP255\Chocó\Quibdó\Notarias\Notaria_Primera_de_Quidbó\EAP255_CHOCO_QUIBDO_NOTARIAS_NOTARIAPRIMERA_071,ESSSS/Colombia/Chocó/Quibdó/Notaria Primera de Quibdó,,essss:159644,159644,777,12/17/17,,2017-12-17T00:00:00Z,12/17/17,
Libro de Protocolización (1908),Metadata uploaded,Ingested,,EAP 255,,\\libshare.library.vanderbilt.edu\vulibrary\Landers\new_organization\Courtney\EAP255\Chocó\Quibdó\Notarias\Notaria_Primera_de_Quidbó\EAP255_CHOCO_QUIBDO_NOTARIAS_NOTARIAPRIMERA_072,ESSSS/Colombia/Chocó/Quibdó/Notaria Primera de Quibdó,,essss:161618,161618,727,12/17/17,,2017-12-17T00:00:00Z,12/17/17,
Libro de Escritura y Protocolización (1909 tomo 1),Metadata uploaded,Ingested,,EAP 255,,\\libshare.library.vanderbilt.edu\vulibrary\Landers\new_organization\Courtney\EAP255\Chocó\Quibdó\Notarias\Notaria_Primera_de_Quidbó\EAP255_CHOCO_QUIBDO_NOTARIAS_NOTARIAPRIMERA_073,ESSSS/Colombia/Chocó/Quibdó/Notaria Primera de Quibdó,,essss:168461,168461,813,12/17/17,,2017-12-17T00:00:00Z,12/17/17,
Libro de Escritura y Protocolización (1909 tomo 2),Metadata uploaded,Ingested,,EAP 255,,\\libshare.library.vanderbilt.edu\vulibrary\Landers\new_organization\Courtney\EAP255\Chocó\Quibdó\Notarias\Notaria_Primera_de_Quidbó\EAP255_CHOCO_QUIBDO_NOTARIAS_NOTARIAPRIMERA_074,ESSSS/Colombia/Chocó/Quibdó/Notaria Primera de Quibdó,,essss:169743,169743,778,12/17/17,,2017-12-17T00:00:00Z,12/17/17,
Libro de Escritura (1910 tomo 1),Metadata uploaded,Ingested,,EAP 255,,\\libshare.library.vanderbilt.edu\vulibrary\Landers\new_organization\Courtney\EAP255\Chocó\Quibdó\Notarias\Notaria_Primera_de_Quidbó\EAP255_CHOCO_QUIBDO_NOTARIAS_NOTARIAPRIMERA_075,ESSSS/Colombia/Chocó/Quibdó/Notaria Primera de Quibdó,,essss:221865,221865,970,12/20/17,,2017-12-20T00:00:00Z,12/20/17,
Libro de Escritura (1910 tomo 2),Metadata uploaded,Ingested,,EAP 255,,\\libshare.library.vanderbilt.edu\vulibrary\Landers\new_organization\Courtney\EAP255\Chocó\Quibdó\Notarias\Notaria_Primera_de_Quidbó\EAP255_CHOCO_QUIBDO_NOTARIAS_NOTARIAPRIMERA_076,ESSSS/Colombia/Chocó/Quibdó/Notaria Primera de Quibdó,,essss:172020,172020,751,12/17/17,,2017-12-17T00:00:00Z,12/17/17,
Libro de Escritura (1911 tomo 1),Metadata uploaded,Ingested,,EAP 255,,\\libshare.library.vanderbilt.edu\vulibrary\Landers\new_organization\Courtney\EAP255\Chocó\Quibdó\Notarias\Notaria_Primera_de_Quidbó\EAP255_CHOCO_QUIBDO_NOTARIAS_NOTARIAPRIMERA_077,ESSSS/Colombia/Chocó/Quibdó/Notaria Primera de Quibdó,,essss:222836,222836,891,12/20/17,,2017-12-20T00:00:00Z,12/20/17,
Libro de Escrituras (1911 tomo 2),Metadata uploaded,Ingested,,EAP 255,,\\libshare.library.vanderbilt.edu\vulibrary\Landers\new_organization\Courtney\EAP255\Chocó\Quibdó\Notarias\Notaria_Primera_de_Quidbó\EAP255_CHOCO_QUIBDO_NOTARIAS_NOTARIAPRIMERA_078,ESSSS/Colombia/Chocó/Quibdó/Notaria Primera de Quibdó,,essss:170522,170522,919,12/17/17,,2017-12-17T00:00:00Z,12/17/17,
Libro de Escrituras (1912 tomo 1),Metadata uploaded,Ingested,,EAP 255,,\\libshare.library.vanderbilt.edu\vulibrary\Landers\new_organization\Courtney\EAP255\Chocó\Quibdó\Notarias\Notaria_Primera_de_Quidbó\EAP255_CHOCO_QUIBDO_NOTARIAS_NOTARIAPRIMERA_079,ESSSS/Colombia/Chocó/Quibdó/Notaria Primera de Quibdó,,essss:223728,223728,845,12/20/17,,2017-12-20T00:00:00Z,12/20/17,
Libro de Escrituras (1912 tomo 2),Metadata uploaded,Ingested,,EAP 255,,\\libshare.library.vanderbilt.edu\vulibrary\Landers\new_organization\Courtney\EAP255\Chocó\Quibdó\Notarias\Notaria_Primera_de_Quidbó\EAP255_CHOCO_QUIBDO_NOTARIAS_NOTARIAPRIMERA_080,ESSSS/Colombia/Chocó/Quibdó/Notaria Primera de Quibdó,,essss:171442,171442,627,12/17/17,,2017-12-17T00:00:00Z,12/17/17,
Libro de Escrituras y Protocolos (1913 tomo 1),Metadata uploaded,Ingested,,EAP 255,,\\libshare.library.vanderbilt.edu\vulibrary\Landers\new_organization\Courtney\EAP255\Chocó\Quibdó\Notarias\Notaria_Primera_de_Quidbó\EAP255_CHOCO_QUIBDO_NOTARIAS_NOTARIAPRIMERA_081,ESSSS/Colombia/Chocó/Quibdó/Notaria Primera de Quibdó,,essss:169275,169275,467,12/17/17,,2017-12-17T00:00:00Z,12/17/17,
Libro de Escrituras y Protocolos (1913 tomo 2),Metadata uploaded,Ingested,,EAP 255,,\\libshare.library.vanderbilt.edu\vulibrary\Landers\new_organization\Courtney\EAP255\Chocó\Quibdó\Notarias\Notaria_Primera_de_Quidbó\EAP255_CHOCO_QUIBDO_NOTARIAS_NOTARIAPRIMERA_082,ESSSS/Colombia/Chocó/Quibdó/Notaria Primera de Quibdó,,essss:167591,167591,869,12/17/17,,2017-12-17T00:00:00Z,12/17/17,
Libro de Escrituras (1914 tomo 1),Metadata uploaded,Ingested,,EAP 255,,\\libshare.library.vanderbilt.edu\vulibrary\Landers\new_organization\Courtney\EAP255\Chocó\Quibdó\Notarias\Notaria_Primera_de_Quidbó\EAP255_CHOCO_QUIBDO_NOTARIAS_NOTARIAPRIMERA_083,ESSSS/Colombia/Chocó/Quibdó/Notaria Primera de Quibdó,,essss:180789,180789,724,12/17/17,,2017-12-17T00:00:00Z,12/17/17,
Libro de Escrituras (1914 tomo 2),Metadata uploaded,Ingested,,EAP 255,,\\libshare.library.vanderbilt.edu\vulibrary\Landers\new_organization\Courtney\EAP255\Chocó\Quibdó\Notarias\Notaria_Primera_de_Quidbó\EAP255_CHOCO_QUIBDO_NOTARIAS_NOTARIAPRIMERA_084,ESSSS/Colombia/Chocó/Quibdó/Notaria Primera de Quibdó,,essss:180052,180052,736,12/17/17,,2017-12-17T00:00:00Z,12/17/17,
Libro de Escritura (1916),Metadata uploaded,Ingested,,EAP 255,,\\libshare.library.vanderbilt.edu\vulibrary\Landers\new_organization\Courtney\EAP255\Chocó\Quibdó\Notarias\Notaria_Primera_de_Quidbó\EAP255_CHOCO_QUIBDO_NOTARIAS_NOTARIAPRIMERA_085,ESSSS/Colombia/Chocó/Quibdó/Notaria Primera de Quibdó,,essss:182050,182050,843,12/17/17,,2017-12-17T00:00:00Z,12/17/17,
Libro de Escritura (1917),Metadata uploaded,Ingested,,EAP 255,,\\libshare.library.vanderbilt.edu\vulibrary\Landers\new_organization\Courtney\EAP255\Chocó\Quibdó\Notarias\Notaria_Primera_de_Quidbó\EAP255_CHOCO_QUIBDO_NOTARIAS_NOTARIAPRIMERA_086,ESSSS/Colombia/Chocó/Quibdó/Notaria Primera de Quibdó,,essss:179084,179084,967,12/17/17,,2017-12-17T00:00:00Z,12/17/17,
Libro de Escritura (1918),Metadata uploaded,Ingested,,EAP 255,,\\libshare.library.vanderbilt.edu\vulibrary\Landers\new_organization\Courtney\EAP255\Chocó\Quibdó\Notarias\Notaria_Primera_de_Quidbó\EAP255_CHOCO_QUIBDO_NOTARIAS_NOTARIAPRIMERA_087,ESSSS/Colombia/Chocó/Quibdó/Notaria Primera de Quibdó,,essss:181514,181514,535,12/17/17,,2017-12-17T00:00:00Z,12/17/17,
Libro de Escrituras (1919),Metadata uploaded,Ingested,,EAP 255,,\\libshare.library.vanderbilt.edu\vulibrary\Landers\new_organization\Courtney\EAP255\Chocó\Quibdó\Notarias\Notaria_Primera_de_Quidbó\EAP255_CHOCO_QUIBDO_NOTARIAS_NOTARIAPRIMERA_089,ESSSS/Colombia/Chocó/Quibdó/Notaria Primera de Quibdó,,essss:184640,184640,271,12/17/17,,2017-12-17T00:00:00Z,12/17/17,
Libro de Escritura (1920 tomo 1),Metadata uploaded,Ingested,,EAP 255,,\\libshare.library.vanderbilt.edu\vulibrary\Landers\new_organization\Courtney\EAP255\Chocó\Quibdó\Notarias\Notaria_Primera_de_Quidbó\EAP255_CHOCO_QUIBDO_NOTARIAS_NOTARIAPRIMERA_091,ESSSS/Colombia/Chocó/Quibdó/Notaria Primera de Quibdó,,essss:184912,184912,643,12/17/17,,2017-12-17T00:00:00Z,12/17/17,
Libro de Escritura (1920 tomo 2),Metadata uploaded,Ingested,,EAP 255,,\\libshare.library.vanderbilt.edu\vulibrary\Landers\new_organization\Courtney\EAP255\Chocó\Quibdó\Notarias\Notaria_Primera_de_Quidbó\EAP255_CHOCO_QUIBDO_NOTARIAS_NOTARIAPRIMERA_092,ESSSS/Colombia/Chocó/Quibdó/Notaria Primera de Quibdó,,essss:185556,185556,829,12/17/17,,2017-12-17T00:00:00Z,12/17/17,
Libro de Protocolo (1921),Metadata uploaded,Ingested,,EAP 255,,\\libshare.library.vanderbilt.edu\vulibrary\Landers\new_organization\Courtney\EAP255\Chocó\Quibdó\Notarias\Notaria_Primera_de_Quidbó\EAP255_CHOCO_QUIBDO_NOTARIAS_NOTARIAPRIMERA_093,ESSSS/Colombia/Chocó/Quibdó/Notaria Primera de Quibdó,,essss:186888,186888,661,12/17/17,,2017-12-17T00:00:00Z,12/17/17,
Libro de Escritura (1921),Metadata uploaded,Ingested,,EAP 255,,\\libshare.library.vanderbilt.edu\vulibrary\Landers\new_organization\Courtney\EAP255\Chocó\Quibdó\Notarias\Notaria_Primera_de_Quidbó\EAP255_CHOCO_QUIBDO_NOTARIAS_NOTARIAPRIMERA_094,ESSSS/Colombia/Chocó/Quibdó/Notaria Primera de Quibdó,,essss:186386,186386,501,12/17/17,,2017-12-17T00:00:00Z,12/17/17,
Libro de Escritura (1922),Metadata uploaded,Ingested,,EAP 255,,\\libshare.library.vanderbilt.edu\vulibrary\Landers\new_organization\Courtney\EAP255\Chocó\Quibdó\Notarias\Notaria_Primera_de_Quidbó\EAP255_CHOCO_QUIBDO_NOTARIAS_NOTARIAPRIMERA_096,ESSSS/Colombia/Chocó/Quibdó/Notaria Primera de Quibdó,,essss:187550,187550,509,12/17/17,,2017-12-17T00:00:00Z,12/17/17,
Libro de Escrituras (1923 tomo 1),Metadata uploaded,Ingested,,EAP 255,,\\libshare.library.vanderbilt.edu\vulibrary\Landers\new_organization\Courtney\EAP255\Chocó\Quibdó\Notarias\Notaria_Primera_de_Quidbó\EAP255_CHOCO_QUIBDO_NOTARIAS_NOTARIAPRIMERA_097,ESSSS/Colombia/Chocó/Quibdó/Notaria Primera de Quibdó,,essss:188060,188060,699,12/17/17,,2017-12-17T00:00:00Z,12/17/17,
Libro de Escrituras (1923 tomo 2),Metadata uploaded,Ingested,,EAP 255,,\\libshare.library.vanderbilt.edu\vulibrary\Landers\new_organization\Courtney\EAP255\Chocó\Quibdó\Notarias\Notaria_Primera_de_Quidbó\EAP255_CHOCO_QUIBDO_NOTARIAS_NOTARIAPRIMERA_098,ESSSS/Colombia/Chocó/Quibdó/Notaria Primera de Quibdó,,essss:188760,188760,671,12/17/17,,2017-12-17T00:00:00Z,12/17/17,
Libro de Escrituras (1923 tomo 3),Metadata uploaded,Ingested,,EAP 255,,\\libshare.library.vanderbilt.edu\vulibrary\Landers\new_organization\Courtney\EAP255\Chocó\Quibdó\Notarias\Notaria_Primera_de_Quidbó\EAP255_CHOCO_QUIBDO_NOTARIAS_NOTARIAPRIMERA_099,ESSSS/Colombia/Chocó/Quibdó/Notaria Primera de Quibdó,,essss:190808,190808,753,12/17/17,,2017-12-17T00:00:00Z,12/17/17,
Libro de Escrituras (1924),Metadata uploaded,Ingested,,EAP 255,,\\libshare.library.vanderbilt.edu\vulibrary\Landers\new_organization\Courtney\EAP255\Chocó\Quibdó\Notarias\Notaria_Primera_de_Quidbó\EAP255_CHOCO_QUIBDO_NOTARIAS_NOTARIAPRIMERA_100,ESSSS/Colombia/Chocó/Quibdó/Notaria Primera de Quibdó,,essss:189432,189432,662,12/17/17,,2017-12-17T00:00:00Z,12/17/17,
Libro de Escrituras (1927),Metadata uploaded,Ingested,,EAP 255,,\\libshare.library.vanderbilt.edu\vulibrary\Landers\new_organization\Courtney\EAP255\Chocó\Quibdó\Notarias\Notaria_Primera_de_Quidbó\EAP255_CHOCO_QUIBDO_NOTARIAS_NOTARIAPRIMERA_101,ESSSS/Colombia/Chocó/Quibdó/Notaria Primera de Quibdó,,essss:190095,190095,712,12/17/17,,2017-12-17T00:00:00Z,12/17/17,
Libro de Escrituras y Certificados (1926),Metadata uploaded,Ingested,,EAP 255,,\\libshare.library.vanderbilt.edu\vulibrary\Landers\new_organization\Courtney\EAP255\Chocó\Quibdó\Notarias\Notaria_Primera_de_Quidbó\EAP255_CHOCO_QUIBDO_NOTARIAS_NOTARIAPRIMERA_102,ESSSS/Colombia/Chocó/Quibdó/Notaria Primera de Quibdó,,essss:191562,191562,943,12/17/17,,2017-12-17T00:00:00Z,12/17/17,
Libro de Escrituras de Compraventa y Protocolos (1926),Metadata uploaded,Ingested,,EAP 255,,\\libshare.library.vanderbilt.edu\vulibrary\Landers\new_organization\Courtney\EAP255\Chocó\Quibdó\Notarias\Notaria_Primera_de_Quidbó\EAP255_CHOCO_QUIBDO_NOTARIAS_NOTARIAPRIMERA_103,ESSSS/Colombia/Chocó/Quibdó/Notaria Primera de Quibdó,,essss:193190,193190,903,12/17/17,,2017-12-17T00:00:00Z,12/17/17,
"Libro de Cancelación, Protocolización, Venta y Fianza (1929 tomo 2)",Metadata uploaded,Ingested,,EAP 255,,\\libshare.library.vanderbilt.edu\vulibrary\Landers\new_organization\Courtney\EAP255\Chocó\Quibdó\Notarias\Notaria_Primera_de_Quidbó\EAP255_CHOCO_QUIBDO_NOTARIAS_NOTARIAPRIMERA_104,ESSSS/Colombia/Chocó/Quibdó/Notaria Primera de Quibdó,,essss:192506,192506,683,12/17/17,,2017-12-17T00:00:00Z,12/17/17,
Libro de Escritura (1828-1829),Metadata uploaded,Ingested,,EAP 255,,\\libshare.library.vanderbilt.edu\vulibrary\Landers\new_organization\Courtney\EAP255\Chocó\Quibdó\Notarias\Notaria_Primera_de_Quidbó\EAP255_CHOCO_QUIBDO_NOTARIAS_NOTARIAPRIMERA_105,ESSSS/Colombia/Chocó/Quibdó/Notaria Primera de Quibdó,,essss:195477,195477,91,12/17/17,,2017-12-17T00:00:00Z,12/17/17,
"Libro de Cancelación, Protocolización, Venta y Fianza (1929 tomo 1)",Metadata uploaded,Ingested,,EAP 255,,\\libshare.library.vanderbilt.edu\vulibrary\Landers\new_organization\Courtney\EAP255\Chocó\Quibdó\Notarias\Notaria_Primera_de_Quidbó\EAP255_CHOCO_QUIBDO_NOTARIAS_NOTARIAPRIMERA_106,ESSSS/Colombia/Chocó/Quibdó/Notaria Primera de Quibdó,,essss:194094,194094,610,12/17/17,,2017-12-17T00:00:00Z,12/17/17,
Libro de Escrituras y Registros de Nacimientos (1929 tomo 4),Metadata uploaded,Ingested,,EAP 255,,\\libshare.library.vanderbilt.edu\vulibrary\Landers\new_organization\Courtney\EAP255\Chocó\Quibdó\Notarias\Notaria_Primera_de_Quidbó\EAP255_CHOCO_QUIBDO_NOTARIAS_NOTARIAPRIMERA_107,ESSSS/Colombia/Chocó/Quibdó/Notaria Primera de Quibdó,,essss:196144,196144,859,12/17/17,,2017-12-17T00:00:00Z,12/17/17,
Libro de Escrituras de Compraventa y Protocolos (1929 tomo 3),Metadata uploaded,Ingested,,EAP 255,,\\libshare.library.vanderbilt.edu\vulibrary\Landers\new_organization\Courtney\EAP255\Chocó\Quibdó\Notarias\Notaria_Primera_de_Quidbó\EAP255_CHOCO_QUIBDO_NOTARIAS_NOTARIAPRIMERA_108,ESSSS/Colombia/Chocó/Quibdó/Notaria Primera de Quibdó,,essss:195569,195569,574,12/17/17,,2017-12-17T00:00:00Z,12/17/17,
Libro de Protocolización (1930),Metadata uploaded,Ingested,,EAP 255,,\\libshare.library.vanderbilt.edu\vulibrary\Landers\new_organization\Courtney\EAP255\Chocó\Quibdó\Notarias\Notaria_Primera_de_Quidbó\EAP255_CHOCO_QUIBDO_NOTARIAS_NOTARIAPRIMERA_109,ESSSS/Colombia/Chocó/Quibdó/Notaria Primera de Quibdó,,essss:194705,194705,771,12/17/17,,2017-12-17T00:00:00Z,12/17/17,
Libro de Protocolización y Documentos Varios (1930 tomo 1),Metadata uploaded,Ingested,,EAP 255,,\\libshare.library.vanderbilt.edu\vulibrary\Landers\new_organization\Courtney\EAP255\Chocó\Quibdó\Notarias\Notaria_Primera_de_Quidbó\EAP255_CHOCO_QUIBDO_NOTARIAS_NOTARIAPRIMERA_110,ESSSS/Colombia/Chocó/Quibdó/Notaria Primera de Quibdó,,essss:197004,197004,678,12/17/17,,2017-12-17T00:00:00Z,12/17/17,
Libro de Escrituras (1931 tomo 1),Metadata uploaded,Ingested,,EAP 255,,\\libshare.library.vanderbilt.edu\vulibrary\Landers\new_organization\Courtney\EAP255\Chocó\Quibdó\Notarias\Notaria_Primera_de_Quidbó\EAP255_CHOCO_QUIBDO_NOTARIAS_NOTARIAPRIMERA_111,ESSSS/Colombia/Chocó/Quibdó/Notaria Primera de Quibdó,,essss:197683,197683,690,12/17/17,,2017-12-17T00:00:00Z,12/17/17,
Libro de Escrituras (1931 tomo 2),Metadata uploaded,Ingested,,EAP 255,,\\libshare.library.vanderbilt.edu\vulibrary\Landers\new_organization\Courtney\EAP255\Chocó\Quibdó\Notarias\Notaria_Primera_de_Quidbó\EAP255_CHOCO_QUIBDO_NOTARIAS_NOTARIAPRIMERA_112,ESSSS/Colombia/Chocó/Quibdó/Notaria Primera de Quibdó,,essss:199596,199596,823,12/17/17,,2017-12-17T00:00:00Z,12/17/17,
"Libro de Escrituras (1932 tomo 1, parte 1)",Metadata uploaded,Ingested,,EAP 255,,\\libshare.library.vanderbilt.edu\vulibrary\Landers\new_organization\Courtney\EAP255\Chocó\Quibdó\Notarias\Notaria_Primera_de_Quidbó\EAP255_CHOCO_QUIBDO_NOTARIAS_NOTARIAPRIMERA_113,ESSSS/Colombia/Chocó/Quibdó/Notaria Primera de Quibdó,,essss:198374,198374,679,12/17/17,,2017-12-17T00:00:00Z,12/17/17,
"Libro de Ventas (1932 tomo 1, parte 2)",Metadata uploaded,Ingested,,EAP 255,,\\libshare.library.vanderbilt.edu\vulibrary\Landers\new_organization\Courtney\EAP255\Chocó\Quibdó\Notarias\Notaria_Primera_de_Quidbó\EAP255_CHOCO_QUIBDO_NOTARIAS_NOTARIAPRIMERA_114,ESSSS/Colombia/Chocó/Quibdó/Notaria Primera de Quibdó,,essss:199054,199054,541,12/17/17,,2017-12-17T00:00:00Z,12/17/17,
Libro de de Escritura (1932 tomo 2),Metadata uploaded,Ingested,,EAP 255,,\\libshare.library.vanderbilt.edu\vulibrary\Landers\new_organization\Courtney\EAP255\Chocó\Quibdó\Notarias\Notaria_Primera_de_Quidbó\EAP255_CHOCO_QUIBDO_NOTARIAS_NOTARIAPRIMERA_115,ESSSS/Colombia/Chocó/Quibdó/Notaria Primera de Quibdó,,essss:204576,204576,475,12/17/17,,2017-12-17T00:00:00Z,12/17/17,
Libro de Protocolo (1933 tomo 1),Metadata uploaded,Ingested,,EAP 255,,\\libshare.library.vanderbilt.edu\vulibrary\Landers\new_organization\Courtney\EAP255\Chocó\Quibdó\Notarias\Notaria_Primera_de_Quidbó\EAP255_CHOCO_QUIBDO_NOTARIAS_NOTARIAPRIMERA_116,ESSSS/Colombia/Chocó/Quibdó/Notaria Primera de Quibdó,,essss:203934,203934,641,12/17/17,,2017-12-17T00:00:00Z,12/17/17,
Libro de Protocolo (1933 tomo 2),Metadata uploaded,Ingested,,EAP 255,,\\libshare.library.vanderbilt.edu\vulibrary\Landers\new_organization\Courtney\EAP255\Chocó\Quibdó\Notarias\Notaria_Primera_de_Quidbó\EAP255_CHOCO_QUIBDO_NOTARIAS_NOTARIAPRIMERA_117,ESSSS/Colombia/Chocó/Quibdó/Notaria Primera de Quibdó,,essss:203166,203166,767,12/17/17,,2017-12-17T00:00:00Z,12/17/17,
Libro de Protocolo (1933 tomo 3),Metadata uploaded,Ingested,,EAP 255,,\\libshare.library.vanderbilt.edu\vulibrary\Landers\new_organization\Courtney\EAP255\Chocó\Quibdó\Notarias\Notaria_Primera_de_Quidbó\EAP255_CHOCO_QUIBDO_NOTARIAS_NOTARIAPRIMERA_118,ESSSS/Colombia/Chocó/Quibdó/Notaria Primera de Quibdó,,essss:206043,206043,421,12/17/17,,2017-12-17T00:00:00Z,12/17/17,
Libro de Escrituras (1934 tomo 1),Metadata uploaded,Ingested,,EAP 255,,\\libshare.library.vanderbilt.edu\vulibrary\Landers\new_organization\Courtney\EAP255\Chocó\Quibdó\Notarias\Notaria_Primera_de_Quidbó\EAP255_CHOCO_QUIBDO_NOTARIAS_NOTARIAPRIMERA_119,ESSSS/Colombia/Chocó/Quibdó/Notaria Primera de Quibdó,,essss:206465,206465,820,12/17/17,,2017-12-17T00:00:00Z,12/17/17,
Libro de Escrituras (1934 tomo 2),Metadata uploaded,Ingested,,EAP 255,,\\libshare.library.vanderbilt.edu\vulibrary\Landers\new_organization\Courtney\EAP255\Chocó\Quibdó\Notarias\Notaria_Primera_de_Quidbó\EAP255_CHOCO_QUIBDO_NOTARIAS_NOTARIAPRIMERA_120,ESSSS/Colombia/Chocó/Quibdó/Notaria Primera de Quibdó,,essss:205052,205052,990,12/17/17,,2017-12-17T00:00:00Z,12/17/17,
Libro de Escrituras (1935),Metadata uploaded,Ingested,,EAP 255,,\\libshare.library.vanderbilt.edu\vulibrary\Landers\new_organization\Courtney\EAP255\Chocó\Quibdó\Notarias\Notaria_Primera_de_Quidbó\EAP255_CHOCO_QUIBDO_NOTARIAS_NOTARIAPRIMERA_121,ESSSS/Colombia/Chocó/Quibdó/Notaria Primera de Quibdó,,essss:208214,208214,561,12/17/17,,2017-12-17T00:00:00Z,12/17/17,
Libro de Escrituras (1936 tomo 1),Metadata uploaded,Ingested,,EAP 255,,\\libshare.library.vanderbilt.edu\vulibrary\Landers\new_organization\Courtney\EAP255\Chocó\Quibdó\Notarias\Notaria_Primera_de_Quidbó\EAP255_CHOCO_QUIBDO_NOTARIAS_NOTARIAPRIMERA_122,ESSSS/Colombia/Chocó/Quibdó/Notaria Primera de Quibdó,,essss:207730,207730,483,12/17/17,,2017-12-17T00:00:00Z,12/17/17,
Libro de Escrituras (1936 tomo 2),Metadata uploaded,Ingested,,EAP 255,,\\libshare.library.vanderbilt.edu\vulibrary\Landers\new_organization\Courtney\EAP255\Chocó\Quibdó\Notarias\Notaria_Primera_de_Quidbó\EAP255_CHOCO_QUIBDO_NOTARIAS_NOTARIAPRIMERA_123,ESSSS/Colombia/Chocó/Quibdó/Notaria Primera de Quibdó,,essss:207286,207286,443,12/17/17,,2017-12-17T00:00:00Z,12/17/17,
Libro de Escrituras (1936 tomo 3),Metadata uploaded,Ingested,,EAP 255,,\\libshare.library.vanderbilt.edu\vulibrary\Landers\new_organization\Courtney\EAP255\Chocó\Quibdó\Notarias\Notaria_Primera_de_Quidbó\EAP255_CHOCO_QUIBDO_NOTARIAS_NOTARIAPRIMERA_124,ESSSS/Colombia/Chocó/Quibdó/Notaria Primera de Quibdó,,essss:209531,209531,416,12/17/17,,2017-12-17T00:00:00Z,12/17/17,
Libro de Escrituras (1936 tomo 4),Metadata uploaded,Ingested,,EAP 255,,\\libshare.library.vanderbilt.edu\vulibrary\Landers\new_organization\Courtney\EAP255\Chocó\Quibdó\Notarias\Notaria_Primera_de_Quidbó\EAP255_CHOCO_QUIBDO_NOTARIAS_NOTARIAPRIMERA_125,ESSSS/Colombia/Chocó/Quibdó/Notaria Primera de Quibdó,,essss:224932,224932,357,1/3/18,,2018-01-03T00:00:00Z,1/3/18,
Libro de Escrituras y Documentos (1936 tomo 5),Metadata uploaded,Ingested,,EAP 255,,\\libshare.library.vanderbilt.edu\vulibrary\Landers\new_organization\Courtney\EAP255\Chocó\Quibdó\Notarias\Notaria_Primera_de_Quidbó\EAP255_CHOCO_QUIBDO_NOTARIAS_NOTARIAPRIMERA_126,ESSSS/Colombia/Chocó/Quibdó/Notaria Primera de Quibdó,,essss:208776,208776,754,12/17/17,,2017-12-17T00:00:00Z,12/17/17,
Libro de Nacimientos (1936),Metadata uploaded,Ingested,,EAP 255,,\\libshare.library.vanderbilt.edu\vulibrary\Landers\new_organization\Courtney\EAP255\Chocó\Quibdó\Notarias\Notaria_Primera_de_Quidbó\EAP255_CHOCO_QUIBDO_NOTARIAS_NOTARIAPRIMERA_127,ESSSS/Colombia/Chocó/Quibdó/Notaria Primera de Quibdó,,essss:210306,210306,169,12/17/17,,2017-12-17T00:00:00Z,12/17/17,
Libro de Matrimonios (1936-1937),Metadata uploaded,Ingested,,EAP 255,,\\libshare.library.vanderbilt.edu\vulibrary\Landers\new_organization\Courtney\EAP255\Chocó\Quibdó\Notarias\Notaria_Primera_de_Quidbó\EAP255_CHOCO_QUIBDO_NOTARIAS_NOTARIAPRIMERA_128,ESSSS/Colombia/Chocó/Quibdó/Notaria Primera de Quibdó,,essss:210476,210476,169,12/17/17,,2017-12-17T00:00:00Z,12/17/17,
Libro de Escrituras (1937 tomo 1),Metadata uploaded,Ingested,,EAP 255,,\\libshare.library.vanderbilt.edu\vulibrary\Landers\new_organization\Courtney\EAP255\Chocó\Quibdó\Notarias\Notaria_Primera_de_Quidbó\EAP255_CHOCO_QUIBDO_NOTARIAS_NOTARIAPRIMERA_129,ESSSS/Colombia/Chocó/Quibdó/Notaria Primera de Quibdó,,essss:210646,210646,433,12/17/17,,2017-12-17T00:00:00Z,12/17/17,
Libro de Escrituras (1937 tomo 2),Metadata uploaded,Ingested,,EAP 255,,\\libshare.library.vanderbilt.edu\vulibrary\Landers\new_organization\Courtney\EAP255\Chocó\Quibdó\Notarias\Notaria_Primera_de_Quidbó\EAP255_CHOCO_QUIBDO_NOTARIAS_NOTARIAPRIMERA_130,ESSSS/Colombia/Chocó/Quibdó/Notaria Primera de Quibdó,,essss:211609,211609,718,12/17/17,,2017-12-17T00:00:00Z,12/17/17,
Libro de Escrituras (1937 tomo 3),Metadata uploaded,Ingested,,EAP 255,,\\libshare.library.vanderbilt.edu\vulibrary\Landers\new_organization\Courtney\EAP255\Chocó\Quibdó\Notarias\Notaria_Primera_de_Quidbó\EAP255_CHOCO_QUIBDO_NOTARIAS_NOTARIAPRIMERA_131,ESSSS/Colombia/Chocó/Quibdó/Notaria Primera de Quibdó,,essss:211080,211080,528,12/17/17,,2017-12-17T00:00:00Z,12/17/17,
Libro de Escrituras (1937 tomo 4),Metadata uploaded,Ingested,,EAP 255,,\\libshare.library.vanderbilt.edu\vulibrary\Landers\new_organization\Courtney\EAP255\Chocó\Quibdó\Notarias\Notaria_Primera_de_Quidbó\EAP255_CHOCO_QUIBDO_NOTARIAS_NOTARIAPRIMERA_132,ESSSS/Colombia/Chocó/Quibdó/Notaria Primera de Quibdó,,essss:212328,212328,220,12/17/17,,2017-12-17T00:00:00Z,12/17/17,
Libro de Escrituras (1938 tomo 1),Metadata uploaded,Ingested,,EAP 255,,\\libshare.library.vanderbilt.edu\vulibrary\Landers\new_organization\Courtney\EAP255\Chocó\Quibdó\Notarias\Notaria_Primera_de_Quidbó\EAP255_CHOCO_QUIBDO_NOTARIAS_NOTARIAPRIMERA_133,ESSSS/Colombia/Chocó/Quibdó/Notaria Primera de Quibdó,,essss:215205,215205,671,12/17/17,,2017-12-17T00:00:00Z,12/17/17,
Libro de Escrituras (1938 tomo 2),Metadata uploaded,Ingested,,EAP 255,,\\libshare.library.vanderbilt.edu\vulibrary\Landers\new_organization\Courtney\EAP255\Chocó\Quibdó\Notarias\Notaria_Primera_de_Quidbó\EAP255_CHOCO_QUIBDO_NOTARIAS_NOTARIAPRIMERA_134,ESSSS/Colombia/Chocó/Quibdó/Notaria Primera de Quibdó,,essss:214581,214581,623,12/17/17,,2017-12-17T00:00:00Z,12/17/17,
Libro de Escrituras (1939),Metadata uploaded,Ingested,,EAP 255,,\\libshare.library.vanderbilt.edu\vulibrary\Landers\new_organization\Courtney\EAP255\Chocó\Quibdó\Notarias\Notaria_Primera_de_Quidbó\EAP255_CHOCO_QUIBDO_NOTARIAS_NOTARIAPRIMERA_135,ESSSS/Colombia/Chocó/Quibdó/Notaria Primera de Quibdó,,essss:215877,215877,735,12/17/17,,2017-12-17T00:00:00Z,12/17/17,
Libro de Escrituras (1940),Metadata uploaded,Ingested,,EAP 255,,\\libshare.library.vanderbilt.edu\vulibrary\Landers\new_organization\Courtney\EAP255\Chocó\Quibdó\Notarias\Notaria_Primera_de_Quidbó\EAP255_CHOCO_QUIBDO_NOTARIAS_NOTARIAPRIMERA_136,ESSSS/Colombia/Chocó/Quibdó/Notaria Primera de Quibdó,,essss:219905,219905,719,12/17/17,,2017-12-17T00:00:00Z,12/17/17,
"Libro de Escrituras, Poderes Especiales, Resoluciones, Certificados (1938 tomo 1)",Metadata uploaded,Ingested,,EAP 255,,\\libshare.library.vanderbilt.edu\vulibrary\Landers\new_organization\Courtney\EAP255\Chocó\Quibdó\Notarias\Notaria_Primera_de_Quidbó\EAP255_CHOCO_QUIBDO_NOTARIAS_NOTARIAPRIMERA_137,ESSSS/Colombia/Chocó/Quibdó/Notaria Primera de Quibdó,,essss:219239,219239,665,12/17/17,,2017-12-17T00:00:00Z,12/17/17,
Libro de Escrituras (1940 tomo 2),Metadata uploaded,Ingested,,EAP 255,,\\libshare.library.vanderbilt.edu\vulibrary\Landers\new_organization\Courtney\EAP255\Chocó\Quibdó\Notarias\Notaria_Primera_de_Quidbó\EAP255_CHOCO_QUIBDO_NOTARIAS_NOTARIAPRIMERA_138,ESSSS/Colombia/Chocó/Quibdó/Notaria Primera de Quibdó,,essss:220625,220625,608,12/17/17,,2017-12-17T00:00:00Z,12/17/17,
Indice del Protocolo de Contratos Públicos (1906),Metadata uploaded,Ingested,,EAP 255,,\\libshare.library.vanderbilt.edu\vulibrary\Landers\new_organization\Courtney\EAP255\Chocó\Quibdó\Notarias\Notaria_Primera_de_Quidbó\EAP255_CHOCO_QUIBDO_NOTARIAS_NOTARIAPRIMERA_139,ESSSS/Colombia/Chocó/Quibdó/Notaria Primera de Quibdó,,essss:221234,221234,630,12/17/17,,2017-12-17T00:00:00Z,12/17/17,
"Correspondencias sobre esclavos, 1804-1843",Metadata in spreadsheet,Ingested,Ingested with no/minimal metadata,NEH,,\\libshare.library.vanderbilt.edu\vulibrary\Landers\new_organization\Cuba_Colombia\Archivo Historico Provincial de Matanzas\Arquivo Mantanzas\Esclavos,ESSSS/Cuba/Matanzas/Matanzas/Archivo Historico Provincial de Matanzas,,essss:134035,134035,299,11/09/17,,2017-11-09T00:00:00Z,11/09/17,"images rotated on Islandora, corrected on image server + correct pdf in n_o"
"Baptisms, Burials and Marriages - 16th & 17th Centuries",Metadata uploaded,Ingested,,DADS,,\\libshare.library.vanderbilt.edu\vulibrary\Landers\new_organization\DADS\St_Aug_01,ESSSS/United States/Florida/St. Augustine/Archives of the Diocese of St. Augustine,,essss:225290,225290,221,01/16/18,,2018-01-16T00:00:00Z,01/16/18,pdf in n_o 
"Baptisms, Burials, Confirmations and Marriages - 16th & 17th Centuries",Metadata uploaded,Ingested,,DADS,,\\libshare.library.vanderbilt.edu\vulibrary\Landers\new_organization\DADS\St_Aug_02,ESSSS/United States/Florida/St. Augustine/Archives of the Diocese of St. Augustine,,essss:225512,225512,166,01/16/18,,2018-01-16T00:00:00Z,01/16/18,
Baptisms and Burials - 17th Century,Metadata uploaded,Ingested,,DADS,,\\libshare.library.vanderbilt.edu\vulibrary\Landers\new_organization\DADS\St_Aug_03,ESSSS/United States/Florida/St. Augustine/Archives of the Diocese of St. Augustine,,essss:225924,225924,466,01/16/18,,2018-01-16T00:00:00Z,01/16/18,
Marriages - 1632-1720,Metadata uploaded,Ingested,,DADS,,\\libshare.library.vanderbilt.edu\vulibrary\Landers\new_organization\DADS\St_Aug_04,ESSSS/United States/Florida/St. Augustine/Archives of the Diocese of St. Augustine,,essss:225679,225679,244,01/16/18,,2018-01-16T00:00:00Z,01/16/18,
Baptisms - 17th and 18th Centuries,Metadata uploaded,Ingested,,DADS,,\\libshare.library.vanderbilt.edu\vulibrary\Landers\new_organization\DADS\St_Aug_05,ESSSS/United States/Florida/St. Augustine/Archives of the Diocese of St. Augustine,,essss:229086,229086,376,01/16/18,,2018-01-16T00:00:00Z,01/16/18,
Baptisms - 1720-1737,Metadata uploaded,Ingested,,DADS,,\\libshare.library.vanderbilt.edu\vulibrary\Landers\new_organization\DADS\St_Aug_06,ESSSS/United States/Florida/St. Augustine/Archives of the Diocese of St. Augustine,,essss:228690,228690,395,01/16/18,,2018-01-16T00:00:00Z,01/16/18,pdf in n_o
Burials - 18th Century,Metadata uploaded,Ingested,,DADS,,\\libshare.library.vanderbilt.edu\vulibrary\Landers\new_organization\DADS\St_Aug_07,ESSSS/United States/Florida/St. Augustine/Archives of the Diocese of St. Augustine,,essss:228236,228236,453,01/16/18,,2018-01-16T00:00:00Z,01/16/18,
Baptisms and Marriages - 18th Century,Metadata uploaded,Ingested,,DADS,,\\libshare.library.vanderbilt.edu\vulibrary\Landers\new_organization\DADS\St_Aug_08,ESSSS/United States/Florida/St. Augustine/Archives of the Diocese of St. Augustine,,essss:229474,229474,467,01/16/18,,2018-01-16T00:00:00Z,01/16/18,
Burials and Confirmations - 18th Century,Metadata uploaded,Ingested,,DADS,,\\libshare.library.vanderbilt.edu\vulibrary\Landers\new_organization\DADS\St_Aug_09,ESSSS/United States/Florida/St. Augustine/Archives of the Diocese of St. Augustine,,essss:230309,230309,456,01/16/18,,2018-01-16T00:00:00Z,01/16/18,
Baptisms - 1735-1763,Metadata uploaded,Ingested,,DADS,,\\libshare.library.vanderbilt.edu\vulibrary\Landers\new_organization\DADS\St_Aug_10,ESSSS/United States/Florida/St. Augustine/Archives of the Diocese of St. Augustine,,essss:229942,229942,366,01/16/18,,2018-01-16T00:00:00Z,01/16/18,
Baptisms - 1737-1751,Metadata uploaded,Ingested,,DADS,,\\libshare.library.vanderbilt.edu\vulibrary\Landers\new_organization\DADS\St_Aug_11,ESSSS/United States/Florida/St. Augustine/Archives of the Diocese of St. Augustine,,essss:232315,232315,399,01/16/18,,2018-01-16T00:00:00Z,01/16/18,
Baptisms - 1751-1760,Metadata uploaded,Ingested,,DADS,,\\libshare.library.vanderbilt.edu\vulibrary\Landers\new_organization\DADS\St_Aug_12,ESSSS/United States/Florida/St. Augustine/Archives of the Diocese of St. Augustine,,essss:232715,232715,377,01/16/18,,2018-01-16T00:00:00Z,01/16/18,
Baptisms - 1760-1763,Metadata uploaded,Ingested,,DADS,,\\libshare.library.vanderbilt.edu\vulibrary\Landers\new_organization\DADS\St_Aug_13,ESSSS/United States/Florida/St. Augustine/Archives of the Diocese of St. Augustine,,essss:232160,232160,154,01/16/18,,2018-01-16T00:00:00Z,01/16/18,
Golden Book of the Minorcans - 18th Century,Metadata uploaded,Ingested,,DADS,,\\libshare.library.vanderbilt.edu\vulibrary\Landers\new_organization\DADS\St_Aug_14,ESSSS/United States/Florida/St. Augustine/Archives of the Diocese of St. Augustine,,essss:236065,236065,144,01/16/18,,2018-01-16T00:00:00Z,01/16/18,
Multi-Source Index,Metadata uploaded,Ingested,,DADS,,\\libshare.library.vanderbilt.edu\vulibrary\Landers\new_organization\DADS\St_Aug_15,ESSSS/United States/Florida/St. Augustine/Archives of the Diocese of St. Augustine,,essss:235536,235536,89,01/16/18,,2018-01-16T00:00:00Z,01/16/18,
Baptisms - 1784-1792,Metadata uploaded,Ingested,,DADS,,\\libshare.library.vanderbilt.edu\vulibrary\Landers\new_organization\DADS\St_Aug_16,ESSSS/United States/Florida/St. Augustine/Archives of the Diocese of St. Augustine,,essss:235626,235626,438,01/16/18,,2018-01-16T00:00:00Z,01/16/18,
Baptisms - 1784-1793,Metadata uploaded,Ingested,,DADS,,\\libshare.library.vanderbilt.edu\vulibrary\Landers\new_organization\DADS\St_Aug_17,ESSSS/United States/Florida/St. Augustine/Archives of the Diocese of St. Augustine,,essss:236210,236210,382,01/16/18,,2018-01-16T00:00:00Z,01/16/18,
Marriages - 1784-1801,Metadata uploaded,Ingested,,DADS,,\\libshare.library.vanderbilt.edu\vulibrary\Landers\new_organization\DADS\St_Aug_18,ESSSS/United States/Florida/St. Augustine/Archives of the Diocese of St. Augustine,,essss:236593,236593,337,01/16/18,,2018-01-16T00:00:00Z,01/16/18,
Deaths - 1784-1809,Metadata uploaded,Ingested,,DADS,,\\libshare.library.vanderbilt.edu\vulibrary\Landers\new_organization\DADS\St_Aug_19,ESSSS/United States/Florida/St. Augustine/Archives of the Diocese of St. Augustine,,essss:239031,239031,253,01/16/18,,2018-01-16T00:00:00Z,01/16/18,
Baptisms and Infant Deaths - 18th and 19th Centuries,Metadata uploaded,Ingested,,DADS,,\\libshare.library.vanderbilt.edu\vulibrary\Landers\new_organization\DADS\St_Aug_20,ESSSS/United States/Florida/St. Augustine/Archives of the Diocese of St. Augustine,,essss:238694,238694,181,01/16/18,,2018-01-16T00:00:00Z,01/16/18,
Marriages - 1784-1882,Metadata uploaded,Ingested,,DADS,,\\libshare.library.vanderbilt.edu\vulibrary\Landers\new_organization\DADS\St_Aug_21,ESSSS/United States/Florida/St. Augustine/Archives of the Diocese of St. Augustine,,essss:238876,238876,154,01/16/18,,2018-01-16T00:00:00Z,01/16/18,
Deaths - 1785-1821,Metadata uploaded,Ingested,,DADS,,\\libshare.library.vanderbilt.edu\vulibrary\Landers\new_organization\DADS\St_Aug_22,ESSSS/United States/Florida/St. Augustine/Archives of the Diocese of St. Augustine,,essss:239288,239288,161,01/16/18,,2018-01-16T00:00:00Z,01/16/18,
Baptisms - 1792-1799,Metadata uploaded,Ingested,,DADS,,\\libshare.library.vanderbilt.edu\vulibrary\Landers\new_organization\DADS\St_Aug_23,ESSSS/United States/Florida/St. Augustine/Archives of the Diocese of St. Augustine,,essss:239450,239450,295,01/16/18,,2018-01-16T00:00:00Z,01/16/18,
Baptisms - 1793-1807,Metadata uploaded,Ingested,,DADS,,\\libshare.library.vanderbilt.edu\vulibrary\Landers\new_organization\DADS\St_Aug_24,ESSSS/United States/Florida/St. Augustine/Archives of the Diocese of St. Augustine,,essss:239746,239746,378,01/16/18,,2018-01-16T00:00:00Z,01/16/18,
Baptisms - 1800-1815,Metadata uploaded,Ingested,,DADS,,\\libshare.library.vanderbilt.edu\vulibrary\Landers\new_organization\DADS\St_Aug_25,ESSSS/United States/Florida/St. Augustine/Archives of the Diocese of St. Augustine,,essss:240495,240495,475,01/16/18,,2018-01-16T00:00:00Z,01/16/18,
Marriages - 1802-1832,Metadata uploaded,Ingested,,DADS,,\\libshare.library.vanderbilt.edu\vulibrary\Landers\new_organization\DADS\St_Aug_26,ESSSS/United States/Florida/St. Augustine/Archives of the Diocese of St. Augustine,,essss:240141,240141,353,01/16/18,,2018-01-16T00:00:00Z,01/16/18,
Baptisms - 1807-1848,Metadata uploaded,Ingested,,DADS,,\\libshare.library.vanderbilt.edu\vulibrary\Landers\new_organization\DADS\St_Aug_27,ESSSS/United States/Florida/St. Augustine/Archives of the Diocese of St. Augustine,,essss:240971,240971,343,01/16/18,,2018-01-16T00:00:00Z,01/16/18,
Deaths - 1809-1882,Metadata uploaded,Ingested,,DADS,,\\libshare.library.vanderbilt.edu\vulibrary\Landers\new_organization\DADS\St_Aug_28,ESSSS/United States/Florida/St. Augustine/Archives of the Diocese of St. Augustine,,essss:244871,244871,325,01/16/18,,2018-01-16T00:00:00Z,01/16/18,
Baptisms - 1816-1838,Metadata uploaded,Ingested,,DADS,,\\libshare.library.vanderbilt.edu\vulibrary\Landers\new_organization\DADS\St_Aug_29,ESSSS/United States/Florida/St. Augustine/Archives of the Diocese of St. Augustine,,essss:245657,245657,459,01/16/18,,2018-01-16T00:00:00Z,01/16/18,
"Miscellaneous - 17th, 18th, and 19th Centuries",Metadata uploaded,Ingested,,DADS,,\\libshare.library.vanderbilt.edu\vulibrary\Landers\new_organization\DADS\St_Aug_30,ESSSS/United States/Florida/St. Augustine/Archives of the Diocese of St. Augustine,,essss:228154,228154,81,01/16/18,,2018-01-16T00:00:00Z,01/16/18,
Notarial Records: Vila Nova de Souza 1837-1838,Metadata uploaded,Ingested,,EAP 627,,\\libshare.library.vanderbilt.edu\vulibrary\Landers\new_organization\EAP627_ingest\IHGP\IHGP_0023,ESSSS/Brazil/Paraíba/João Pessoa/Instituto Histórico e Geográfico Paraibano,,essss:321074,321074,212,03/15/18,,2018-03-15T00:00:00Z,03/15/18,
Libro de Baustismos de San Andrés No. 1. 1891-1908,Metadata uploaded,Ingested,,EAP 640,,\\libshare.library.vanderbilt.edu\vulibrary\Landers\new_organization\EAP640_surprise_ingest\PROYECTO EAP640 - SAN ANDRES DE SOTAVENTO\EAP640_PARROQUIA_SAN_ANDRÉS_APOSTOL_DE_SAN_ANDRÉS_001,ESSSS/Colombia/Córdoba/San Andrés de Sotavento/Iglesia San Andrés Apostol,,essss:435035,435035,113,07/12/18,,2018-07-12T00:00:00Z,07/12/18,
Libro de Matrimonios 1909-1923,Metadata uploaded,Ingested,,EAP 640,,\\libshare.library.vanderbilt.edu\vulibrary\Landers\new_organization\EAP640_surprise_ingest\PROYECTO EAP640 - SAN ANDRES DE SOTAVENTO\EAP640_PARROQUIA_SAN_ANDRÉS_APOSTOL_DE_SAN_ANDRÉS_002,ESSSS/Colombia/Córdoba/San Andrés de Sotavento/Iglesia San Andrés Apostol,,essss:435149,435149,109,07/12/18,,2018-07-12T00:00:00Z,07/12/18,no pdf
Diócesis de Montería: Libro de Bautismos No. 2. San Andrés de Sotavento,Metadata uploaded,Ingested,,EAP 640,,\\libshare.library.vanderbilt.edu\vulibrary\Landers\new_organization\EAP640_surprise_ingest\PROYECTO EAP640 - SAN ANDRES DE SOTAVENTO\EAP640_PARROQUIA_SAN_ANDRÉS_APOSTOL_DE_SAN_ANDRÉS_003,ESSSS/Colombia/Córdoba/San Andrés de Sotavento/Iglesia San Andrés Apostol,,essss:435259,435259,511,07/12/18,,2018-07-12T00:00:00Z,07/12/18,
"Diócesis de Montería: Libro de Bautismos No. 2, continuación. San Andrés de Sotavento.",Metadata uploaded,Ingested,,EAP 640,,\\libshare.library.vanderbilt.edu\vulibrary\Landers\new_organization\EAP640_surprise_ingest\PROYECTO EAP640 - SAN ANDRES DE SOTAVENTO\EAP640_PARROQUIA_SAN_ANDRÉS_APOSTOL_DE_SAN_ANDRÉS_004,ESSSS/Colombia/Córdoba/San Andrés de Sotavento/Iglesia San Andrés Apostol,,essss:438434,438434,483,07/13/18,,2018-07-13T00:00:00Z,07/13/18,
Diócesis de Montería: Libro de Bautismos No. 3-4. San Andrés de Sotavento,Metadata uploaded,Ingested,,EAP 640,,\\libshare.library.vanderbilt.edu\vulibrary\Landers\new_organization\EAP640_surprise_ingest\PROYECTO EAP640 - SAN ANDRES DE SOTAVENTO\EAP640_PARROQUIA_SAN_ANDRÉS_APOSTOL_DE_SAN_ANDRÉS_005,ESSSS/Colombia/Córdoba/San Andrés de Sotavento/Iglesia San Andrés Apostol,,essss:437924,437924,509,07/13/18,,2018-07-13T00:00:00Z,07/13/18,no pdf
Diócesis de Montería: Libro de Bautismos No. 4. San Andrés de Sotavento,Metadata uploaded,Ingested,,EAP 640,,\\libshare.library.vanderbilt.edu\vulibrary\Landers\new_organization\EAP640_surprise_ingest\PROYECTO EAP640 - SAN ANDRES DE SOTAVENTO\EAP640_PARROQUIA_SAN_ANDRÉS_APOSTOL_DE_SAN_ANDRÉS_006,ESSSS/Colombia/Córdoba/San Andrés de Sotavento/Iglesia San Andrés Apostol,,essss:437476,437476,447,07/13/18,,2018-07-13T00:00:00Z,07/13/18,no pdf
Diócesis de Montería: Libro de Bautismos No. 5. San Andrés de Sotavento,Metadata uploaded,Ingested,,EAP 640,,\\libshare.library.vanderbilt.edu\vulibrary\Landers\new_organization\EAP640_surprise_ingest\PROYECTO EAP640 - SAN ANDRES DE SOTAVENTO\EAP640_PARROQUIA_SAN_ANDRÉS_APOSTOL_DE_SAN_ANDRÉS_007,ESSSS/Colombia/Córdoba/San Andrés de Sotavento/Iglesia San Andrés Apostol,,essss:438918,438918,511,07/16/18,,2018-07-16T00:00:00Z,07/16/18,no pdf
Diócesis de Montería: Libro de Bautismos No. 5A. San Andrés de Sotavento,Metadata uploaded,Ingested,,EAP 640,,\\libshare.library.vanderbilt.edu\vulibrary\Landers\new_organization\EAP640_surprise_ingest\PROYECTO EAP640 - SAN ANDRES DE SOTAVENTO\EAP640_PARROQUIA_SAN_ANDRÉS_APOSTOL_DE_SAN_ANDRÉS_008,ESSSS/Colombia/Córdoba/San Andrés de Sotavento/Iglesia San Andrés Apostol,,essss:439430,439430,510,07/16/18,,2018-07-16T00:00:00Z,07/16/18,no pdf
Diócesis de Montería: Libro de Bautismos No. 5B-6. San Andrés de Sotavento,Metadata uploaded,Ingested,,EAP 640,,\\libshare.library.vanderbilt.edu\vulibrary\Landers\new_organization\EAP640_surprise_ingest\PROYECTO EAP640 - SAN ANDRES DE SOTAVENTO\EAP640_PARROQUIA_SAN_ANDRÉS_APOSTOL_DE_SAN_ANDRÉS_009,ESSSS/Colombia/Córdoba/San Andrés de Sotavento/Iglesia San Andrés Apostol,,essss:439941,439941,515,07/16/18,,2018-07-16T00:00:00Z,07/16/18,
"Legajo 4, Expte. 21. Diligencias para establecer una cofradía de San José el Gremio de carpinteros, 1800",Metadata uploaded,Ingested,Ingested with good metadata,NEH,,"\\libshare.library.vanderbilt.edu\vulibrary\Landers\new_organization\ESSS CUBA\ESSS Cuba 2004-05\Arzobispado de La Habana\Arzobispado, Archicofradias\Arzobispado, Archicofradias 04\San Jose Carpinteros 1800",ESSSS/Cuba/Havana/Arzobispado de la Habana/Archichofradías,,essss:3824,3824,31,08/22/17,8/24/17,2017-08-24T00:00:00Z,8/24/17,"images rotated on Islandora, corrected on image server + correct pdf in n_o"
"Legajo 5, Exp. 17, No. 24. Expediente promovido por los individuos de color José de los Reyes...1878",Metadata uploaded,Ingested,Ingested with good metadata,NEH,135 [combined],"\\libshare.library.vanderbilt.edu\vulibrary\Landers\new_organization\ESSS CUBA\ESSS Cuba 2004-05\Arzobispado de La Habana\Arzobispado, Archicofradias\Arzobispado, Archicofradias 05\Enrique Prince, Matanzas 1878",ESSSS/Cuba/Havana/Arzobispado de la Habana/Archichofradías,ESSSS/Cuba/Matanzas/Matanzas/Iglesia de San Juan Bautista de Pueblo Nuevo,essss:30173,30173,26,09/06/17,09/06/17,2017-09-06T00:00:00Z,09/06/17,"images rotated on Islandora, corrected on image server + correct pdf in n_o"
"Legajo 5, Expte. 3. Espediente promovido por los hermanos mayores de la Cofradía de la Purísima Concepción...1860 ",Metadata uploaded,Ingested,Ingested with passable metadata,NEH,137,"\\libshare.library.vanderbilt.edu\vulibrary\Landers\new_organization\ESSS CUBA\ESSS Cuba 2004-05\Arzobispado de La Habana\Arzobispado, Archicofradias\Arzobispado, Archicofradias 06A\Arzobispado 6A, leg 5 no 3",ESSSS/Cuba/Havana/Arzobispado de la Habana/Archichofradías,,essss:30304,30304,11,09/06/17,9/11/17,2017-09-11T00:00:00Z,9/11/17,some rotated derivatives. need specific geographic coordinates
"Legajo 8, Exp. 3. Asuntos de la Cofradía de Nuestra Señora de la Consolación del Convento de San Agustín, 1829-1858",Metadata uploaded,Ingested,Ingested with passable metadata,NEH,139 [combined],"\\libshare.library.vanderbilt.edu\vulibrary\Landers\new_organization\ESSS CUBA\ESSS Cuba 2004-05\Arzobispado de La Habana\Arzobispado, Archicofradias\Arzobispado, Archicofradias 08\Consolacion, S Agustin 1829-1858",ESSSS/Cuba/Havana/Arzobispado de la Habana/Archichofradías,,essss:30344,30344,34,09/06/17,09/06/17,2017-09-06T00:00:00Z,09/06/17,images rotated. Create new category for San Francisco de Asís (El Nuevo) AKA Convento de San Agustín
"Libro 1, Bautismos de Españoles (Copiado del Baraja), 1590-1600",Metadata uploaded,Ingested,Ingested with passable metadata,NEH,106,"\\libshare.library.vanderbilt.edu\vulibrary\Landers\new_organization\ESSS CUBA\ESSS Cuba 2004-05\Catedral Habana\Catedral Habana, Barajas Copias\Libro 1, Copia Barajas, Baut Esp, 1590-1600",ESSSS/Cuba/Havana/Catedral de La Habana,,essss:7245,7245,101,08/31/17,,2017-08-31T00:00:00Z,08/31/17,
"Libro 18 de Bautismos de Pardos y Morenos, 1839-1841",Metadata in spreadsheet,Ingested,Ingested with no/minimal metadata,NEH,19,"\\libshare.library.vanderbilt.edu\vulibrary\Landers\new_organization\ESSS CUBA\ESSS Cuba 2004-05\San Carlos de Matanzas\Matanzas Bautismos PM\MAT Libro 18, Baut PM, 1839-1841",ESSSS/Cuba/Matanzas/Matanzas/Catedral de San Carlos Borromeo,,essss:20369,20369,304,09/05/17,,2017-09-05T00:00:00Z,09/05/17,
"Libro 1 de Entierros de Asiáticos no Bautizados, 1855-1895",Metadata uploaded,Ingested,Ingested with passable metadata,NEH,47,"\\libshare.library.vanderbilt.edu\vulibrary\Landers\new_organization\ESSS CUBA\ESSS Cuba 2004-05\San Carlos de Matanzas\Matanzas Entierros No Bautizados\Libro 1, Asiatic no baut, 1855-1895",ESSSS/Cuba/Matanzas/Matanzas/Catedral de San Carlos Borromeo,,essss:24335,24335,35,09/05/17,,2017-09-05T00:00:00Z,09/05/17,some rotated derivatives
"Libro 4 de Matrimonios de Pardos y Morenos, 1812-1839",Metadata uploaded,Ingested,Ingested with passable metadata,NEH,128,"\\libshare.library.vanderbilt.edu\vulibrary\Landers\new_organization\ESSS CUBA\ESSS Cuba 2004-05\Santo Angel Custodio\SAC Matrimonios de Negros, PM\SAC Libro 4, Matr PM, 1812-1839",ESSSS/Cuba/Havana/Iglesia del Santo Angel Custodio,,essss:1795,1795,382,08/17/17,9/20/17,2017-09-20T00:00:00Z,9/20/17,"images rotated on Islandora, corrected on image server + correct pdf in n_o"
"Libro 11 de Bautismos de Yndios, Pardos y Morenos, 1830-1833",Metadata in spreadsheet,Ingested,,Oscar,,\\libshare.library.vanderbilt.edu\vulibrary\Landers\new_organization\Oscar\Iglesia Parroquial de Cardenas. Matanzas\Limonar\Libro Bautismos 11 Pardos y Morenos Limonar,ESSSS/Cuba/Matanzas/Limonar/Iglesia Parroquial de San Cipriano Obispo y Purísima Concepción de Limonar,,essss:391239,391239,263,05/24/18,,2018-05-24T00:00:00Z,05/24/18,
"Libro 4 de Entierros de Pardos y Morenos, 1820-1832",Metadata in spreadsheet,Ingested,,Oscar,,\\libshare.library.vanderbilt.edu\vulibrary\Landers\new_organization\Oscar\Iglesia Parroquial de Cardenas. Matanzas\Limonar\Libro Entierros 4C P y M Limonar,ESSSS/Cuba/Matanzas/Limonar/Iglesia Parroquial de San Cipriano Obispo y Purísima Concepción de Limonar,,essss:391028,391028,210,05/24/18,,2018-05-24T00:00:00Z,05/24/18,
,,,,,,,,,,,,,,,,
,,,,,,,,,,,353049,,,,,
