image_name,id,title,license,description,date_taken,tags,machine_tags,original_format,latitude,longitude,thumbnail_url,original_url,original_height,original_width
52938328347.jpg,52938328347,jiashan 假山,0,"jiashan of yellow stone, &quot;Yungang,&quot;  Wangshiyuan (Master of the Nets Garden), Qing dynasty, Suzhou, Jiangsu Province, detail showing interior &quot;grotto&quot;  網師園雲崗假山， 局部，黃石下有洞，江蘇省蘇州（photo: Jin Yinuo 金一諾, 2023）",2023-05-30T19:44:40,master fishing nets garden suzhou 網師園 江蘇省蘇州,,jpg,0,0,https://live.staticflickr.com/65535/52938328347_e3341fdd7a_t.jpg,https://live.staticflickr.com/65535/52938328347_b117da8b39_o.jpg,3024,4032
52909252587.jpg,52909252587,huafei 華廢,0,"huafei 華廢 three views, line drawing (image: Zhuge Jing 諸葛净, 2022)",2023-05-19T13:02:17,,,jpg,0,0,https://live.staticflickr.com/65535/52909252587_d984fa8cd0_t.jpg,https://live.staticflickr.com/65535/52909252587_862c6f5a76_o.jpg,1076,766
52908806535.jpg,52908806535,Jinci Duiyue fang 晋祠对越坊,0,"example of a paifang: Jinci &quot;Duiyue fang&quot; 1576-1606 牌坊的例子： 晉祠對越方 (photo: Zhuge Jing 諸葛净, 2009)",2009-09-21T07:10:31,,,jpg,0,0,https://live.staticflickr.com/65535/52908806535_118b732eeb_t.jpg,https://live.staticflickr.com/65535/52908806535_a156f01c2b_o.jpg,2193,2639
52905463137.jpg,52905463137,pingshui 平水,0,"line drawing showing the dimension of &quot;pingshui 平水“ (image: Zhuge Jing 諸葛净, 2023)",2023-05-17T21:26:25,,,jpg,0,0,https://live.staticflickr.com/65535/52905463137_b1d49f5f12_t.jpg,https://live.staticflickr.com/65535/52905463137_1fd178ea7f_o.jpg,7275,7857
52763297178.jpg,52763297178,paishan goudi 排山勾滴,0,"paishan goudi, Tiyuandian, Beijing Imperial Palace (Forbidden City), 1859, 北京故宫體元殿排山勾滴 (photo: Jia Tingli 贾亭立)",2023-03-21T16:32:05,,,jpg,0,0,https://live.staticflickr.com/65535/52763297178_1628d6fffd_t.jpg,https://live.staticflickr.com/65535/52763297178_d95b157b6c_o.jpg,1644,1500
52762775821.jpg,52762775821,dishui,0,"dishui, Taijidian, Beijing Imperial Palace (Forbidden City), 1420 北京故宮太極殿屋簷滴水（photo: Jia Tingli 賈亭立）",2023-03-21T16:13:17,,,jpg,0,0,https://live.staticflickr.com/65535/52762775821_572bd8a1c1_t.jpg,https://live.staticflickr.com/65535/52762775821_9c9489238a_o.jpg,1575,2362
52762312780.jpg,52762312780,Slide2,0,"The process of juzhe Step 2 舉折過程 2 (image: Zhuge Jing, 2023) ",2023-03-21T09:19:09,,,jpg,0,0,https://live.staticflickr.com/65535/52762312780_0415e7309c_t.jpg,https://live.staticflickr.com/65535/52762312780_78443d9eff_o.jpg,799,1420
52762312795.jpg,52762312795,Slide3,0,"The process of juzhe Step 3 舉折過程 3 (image: Zhuge Jing, 2023) ",2023-03-21T09:19:10,,,jpg,0,0,https://live.staticflickr.com/65535/52762312795_0ba6afe94a_t.jpg,https://live.staticflickr.com/65535/52762312795_8f26089c70_o.jpg,799,1420
52762157619.jpg,52762157619,Slide4,0,"The process of juzhe Step 4 舉折過程 4 (image: Zhuge Jing, 2023) ",2023-03-21T09:19:10,,,jpg,0,0,https://live.staticflickr.com/65535/52762157619_345f1e22f9_t.jpg,https://live.staticflickr.com/65535/52762157619_c32638750f_o.jpg,799,1420
52761361362.jpg,52761361362,Slide5,0,"The process of juzhe Step 5 舉折過程 5 (image: Zhuge Jing, 2023) ",2023-03-21T09:19:10,,,jpg,0,0,https://live.staticflickr.com/65535/52761361362_038de91d3c_t.jpg,https://live.staticflickr.com/65535/52761361362_641f249c73_o.jpg,799,1420
52761361382.jpg,52761361382,Slide6,0,"The process of juzhe Step 6 舉折過程 6 (image: Zhuge Jing, 2023) ",2023-03-21T09:19:10,,,jpg,0,0,https://live.staticflickr.com/65535/52761361382_3e94d727c2_t.jpg,https://live.staticflickr.com/65535/52761361382_72361c58fa_o.jpg,799,1420
52760165567.jpg,52760165567,Slide1,0,"The process of juzhe Step 1 舉折過程1 (image: Zhuge Jing, 2023) ",2023-03-20T18:07:29,,,jpg,0,0,https://live.staticflickr.com/65535/52760165567_4915df19bb_t.jpg,https://live.staticflickr.com/65535/52760165567_ef2b3d4ef8_o.jpg,799,1420
52749647023.jpg,52749647023,jujia 工程做法举架图解,0,"jujia, example from the Gongcheng zuofa 工程做法舉架圖解 （drawing: ATTCAT 2022-2023)",2023-03-15T09:31:21,,,jpg,0,0,https://live.staticflickr.com/65535/52749647023_22b752fef7_t.jpg,https://live.staticflickr.com/65535/52749647023_7cc4973ecd_o.jpg,3180,2782
52739995797.jpg,52739995797,ditai attcat image,0,Above: ditai on a city wall as seen in Yin Geng's &quot;Xiangyue&quot; Below: ditai located outside of a city wall as seen in the &quot;Chengshu&quot; 上：尹耕《鄉約》中建於城牆上的敵臺（source: 尹 1906，10a-10b）；下 《城書》中緊貼城牆外側的敵臺 （source: 趙 2018，640-641）,2023-01-24T19:18:04,,,jpg,0,0,https://live.staticflickr.com/65535/52739995797_35b2245890_t.jpg,https://live.staticflickr.com/65535/52739995797_c6cf21c9e1_o.jpg,1447,1091
52740739089.jpg,52740739089,chuji 出际 labeled,0,"chuji eaves extension on the West Side Hall of Longmen Monastery, in Pingshun, Shanxi province (925) 出際,山西平順龍門寺西配殿 （image: Zhuge Jing 諸葛净, 2020)",2020-07-18T11:19:57,山西平順龍 side hall longmensi pingshun shanxi,,jpg,0,0,https://live.staticflickr.com/65535/52740739089_5493e7c809_t.jpg,https://live.staticflickr.com/65535/52740739089_ea45c17ecc_o.jpg,2592,3840
52737347115.jpg,52737347115,chagong MMA DP341913,0,"Eastern Han dynasty tower (1-3rd cen. CE), Earthenware with green lead glaze, h. 41 in. (104.1 cm) 東漢 鉛綠釉陶明器建築模型(image: MMA, Public Domain. <a href=""https://www.metmuseum.org/art/collection/search/49519"" rel=""noreferrer nofollow"">www.metmuseum.org/art/collection/search/49519</a>, modified by T. Miller, 2023)",2023-03-09T15:02:53,,,jpg,0,0,https://live.staticflickr.com/65535/52737347115_a2cd783bc7_t.jpg,https://live.staticflickr.com/65535/52737347115_99c15b1628_o.jpg,2000,1500
52736784674.jpg,52736784674,shuatou 01 耍头,0,"shuatou examples 耍頭的例子 (image: after Liang Sicheng (2005, 37), modified by Zhuge Jing, 2022)",2023-03-09T11:16:11,,,jpg,0,0,https://live.staticflickr.com/65535/52736784674_9028167d0f_t.jpg,https://live.staticflickr.com/65535/52736784674_5d86d99ac6_o.jpg,381,1424
52736527921.jpg,52736527921,shuatou 02 耍头,0,"shuatou as it fits into a bracket set (image: Zhuge Jing, 2022)",2023-03-09T11:12:19,,,jpg,0,0,https://live.staticflickr.com/65535/52736527921_05eaf3d163_t.jpg,https://live.staticflickr.com/65535/52736527921_0ac0d4c50c_o.jpg,3508,4961
52736761524.jpg,52736761524,dipeng 地棚,0,"Diagram of dipeng 地棚插圖 (image: Zhuge Jing, 2022)",2023-01-24T12:18:18,,,jpg,0,0,https://live.staticflickr.com/65535/52736761524_cdf2d762f3_t.jpg,https://live.staticflickr.com/65535/52736761524_f75d60cb9d_o.jpg,1524,1672
52735974457.jpg,52735974457,pupaifang 普拍方,0,"pupaifang, Great Buddha (aka Amitabha Hall), 940 CE, Dayun Cloister, Shanxi); 普拍枋, 大佛殿 (彌陀殿) 大雲院, 山西 (photo: Zhuge Jing)",2023-03-09T10:57:51,,,jpg,0,0,https://live.staticflickr.com/65535/52735974457_ae11af14f0_t.jpg,https://live.staticflickr.com/65535/52735974457_99e831e98c_o.jpg,1808,3064
52729746371.jpg,52729746371,dingtougong 丁头栱,0,"Components marked red match the description of dingtougong in the Yingzao fashi 標紅的部件與《營造法式》中對丁頭栱的描述相符（Source: Li 2009, 31.13, modified by Zhuge Jing)",2023-03-06T08:27:17,,,jpg,0,0,https://live.staticflickr.com/65535/52729746371_1b0e3e1c85_t.jpg,https://live.staticflickr.com/65535/52729746371_bb5896268c_o.jpg,3341,4656
52729641751.jpg,52729641751,Relief showing que and possibly lou,0,"Relief described as a &quot;two-storied building (lou) with que&quot; 重樓並雙闕 by Liang Sicheng, Eastern Han dynasty (ca. 2nd cen. CE), limestone, h. 79.4 cm, Metropolitan Museum of Art (image: <a href=""http://www.metmuseum.org/art/collection/search/44791"" rel=""noreferrer nofollow"">www.metmuseum.org/art/collection/search/44791</a>)",2023-03-06T07:22:48,,,jpg,0,0,https://live.staticflickr.com/65535/52729641751_9c9f06713f_t.jpg,https://live.staticflickr.com/65535/52729641751_97076228a1_o.jpg,3042,3811
52726033636.jpg,52726033636,juzhe7,0,"Juzhe roof curvature according to the Yingzao fashi (1103) 營造法裏式的舉折 (image: Zhuge Jing, 2023)",2023-03-04T16:11:31,,,jpg,0,0,https://live.staticflickr.com/65535/52726033636_0db3babe77_t.jpg,https://live.staticflickr.com/65535/52726033636_fccb2baaac_o.jpg,799,1420
52711796280.jpg,52711796280,pupaifang and lan'e 普拍方03,0,"pupaifang and lan'e, Great Buddha (aka Amitabha Hall), 940 CE, Dayun Cloister, Shanxi); 普拍方和闌額, 大佛殿 (彌陀殿) 大雲院, 山西 (photo: Zhuge Jing)",2023-02-25T20:42:41,dayunyuan amitabhahall,,jpg,0,0,https://live.staticflickr.com/65535/52711796280_0bb6a88eaa_t.jpg,https://live.staticflickr.com/65535/52711796280_2f9aa1ce6c_o.jpg,3376,1800
52705293679.jpg,52705293679,Zhonglou Beijing by Yu Lina,0,"Bell Tower (15th-18th centuries), Beijing 北京鐘樓 (Photo: Lina Yu, 2020)",2020-11-01T17:18:03,,,jpg,0,0,https://live.staticflickr.com/65535/52705293679_070c3821b1_t.jpg,https://live.staticflickr.com/65535/52705293679_e0e5e98d2b_o.jpg,4194,3198
52699855437.jpg,52699855437,bujian puzuo 補間鋪作,0,"Central and side bay bujian puzuo 補間鋪作, Great Buddha Hall (aka Amitabha Hall), 940 CE, Dayun Cloister  大雲院大佛殿（彌陀殿）補間鋪作 (photo: Zhuge Jing)",2020-07-18T15:48:35,大雲院dayunyuangreatbuddhahall bujian puzuo 補間鋪作,,jpg,0,0,https://live.staticflickr.com/65535/52699855437_aac03d082a_t.jpg,https://live.staticflickr.com/65535/52699855437_01ed5f5b6b_o.jpg,1062,1800
52698644285.jpg,52698644285,angxing shuatou,0,"Pillar-top angxing shuatou, Foguang Monastery Wenshu Hall (1137) 佛光寺文殊殿柱頭之 昂形耍頭 (photo: Zhuge Jing, 2018)",2015-06-04T07:53:42,foguangsi wenshu hall 佛光寺文殊殿 昂形耍頭,,jpg,0,0,https://live.staticflickr.com/65535/52698644285_ae0bfcf3cb_t.jpg,https://live.staticflickr.com/65535/52698644285_e482a8ebe1_o.jpg,1201,1800
52270792221.jpg,52270792221,Baoguosi chuomufang,0,"chuomufang, Daxiong baodian (1013), Baoguo Monastery 保國寺大雄寶殿綽幕方 (photo: T. Miller, 2015; modified by T. Miller, 2022)",2022-08-05T21:59:59,,,jpg,0,0,https://live.staticflickr.com/65535/52270792221_cbb6d487cd_t.jpg,https://live.staticflickr.com/65535/52270792221_784c2f3158_o.jpg,1204,1800
52247309391.jpg,52247309391,六铺作重栱出单抄双下昂,0," bracket set showing an exterior (right side) of six puzuo layers, with a single huagong (danchao) and double angled arms (xia'ang)六鋪作重栱出單抄雙下昂(YZFS 30.6a)",2022-07-28T10:59:06,,,jpg,0,0,https://live.staticflickr.com/65535/52247309391_ce8acc88fb_t.jpg,https://live.staticflickr.com/65535/52247309391_249269384e_o.jpg,938,1728
52244240167.jpg,52244240167,BaoguosiModelLabeled,0,"Daxiongbaodian, Baoguosi, 1013 (Photo: T. Miller, 2015), model of building housed within the hall showing hip-gable roof (shaliangtou 厦兩頭) with nine ridges 九脊",2022-07-27T11:22:32,,,jpg,0,0,https://live.staticflickr.com/65535/52244240167_64f925f8d6_t.jpg,https://live.staticflickr.com/65535/52244240167_9c845d022f_o.jpg,1205,1800
52245212591.jpg,52245212591,51271089077_c52b199512_o,0,"Shaliangtou roof on the nine-ridge cabinet (jiuji xiaozhang 九脊小帳), one example of xiaomuzuo 小木作 in the Yingzao fashi (1103) (Zhuge Jing, after: Li 2009, 32.21a)",2021-06-26T21:32:11,,,jpg,0,0,https://live.staticflickr.com/65535/52245212591_bcd29cf5b4_t.jpg,https://live.staticflickr.com/65535/52245212591_af83687b3f_o.jpg,2964,2304
51734052350.jpg,51734052350,DSC_0266,0,"Daxiongbaodian, Baoguosi, 1013 (Photo: T. Miller, 2015), model of building housed within the hall showing hip-gable roof (shaliangtou 厦兩頭)",2015-05-25T21:41:22,baoguosi,,jpg,0,0,https://live.staticflickr.com/65535/51734052350_af65d5c350_t.jpg,https://live.staticflickr.com/65535/51734052350_83011d0a6b_o.jpg,2592,3872
52243339731.jpg,52243339731,Dulesi shanmen labeled copy,0,"Si'e roof, Dule Monastery Mountain Gate, ca. 984 CE (Photo: Wang Lijia, 2019) 四阿独乐寺山门 (王丽佳 2019)",2019-07-02T09:54:21,獨樂寺 dulemonastery 四阿頂,,jpg,0,0,https://live.staticflickr.com/65535/52243339731_25cf341867_t.jpg,https://live.staticflickr.com/65535/52243339731_e708d58436_o.jpg,430,632
52243231095.jpg,52243231095,BaoguosiDXBDeaves,0,"Baoguosi Mahavira Treasure Hall 保國寺大雄寶殿 (1013) showing Qing dynasty (1644-1912) addition (Photo: T Miller, 2019)",2022-07-26T09:25:37,,,jpg,0,0,https://live.staticflickr.com/65535/52243231095_f9270111f8_t.jpg,https://live.staticflickr.com/65535/52243231095_fa313aa460_o.jpg,1023,685
52225051557.jpg,52225051557,Foguang dwgdougong,0,"Great East Hall of Foguangsi, line drawing of seven-layer (qi puzuo 七鋪作) pillar top dougong 枓栱 (bracket set). (After: Ledderose, Ten Thousand Things, p. 108, modified by T. Miller, 2022)",2022-07-18T22:08:57,,,jpg,0,0,https://live.staticflickr.com/65535/52225051557_ebc036eb63_t.jpg,https://live.staticflickr.com/65535/52225051557_0918886c32_o.jpg,2895,1917
52225990416.jpg,52225990416,Foguang dwghuagonglinggong,0,"Great East Hall of Foguangsi, line drawing of seven layered (qi puzuo 七鋪作) column top corbel bracket set showing linggong 令栱. (After: Ledderose, Ten Thousand Things, p. 108, modified by T. Miller, 2022)",2022-07-18T21:22:46,,,jpg,0,0,https://live.staticflickr.com/65535/52225990416_6921273297_t.jpg,https://live.staticflickr.com/65535/52225990416_8ec86717ab_o.jpg,2895,1917
52220742225.jpg,52220742225,tuofengDayunyuan,0,"Amitabha Hall 940 CE,  Dayunyuan (photo: T. Miller, 2019, modified by T. Miller 2022), showing tuofeng 駝峰",2022-07-16T12:17:46,大雲院dayunyuangreatbuddhahall amitabhahall,,jpg,0,0,https://live.staticflickr.com/65535/52220742225_fc4620f422_t.jpg,https://live.staticflickr.com/65535/52220742225_969e28d8f8_o.jpg,2000,3000
52185457598.jpg,52185457598,DSC_0155 Baoshan Master Ping (Daoping) ta,0,"Reliquary ta of Master Ping (Daoping, 488-559), Lingquansi, Baoshan, Henan, limestone, 563 CE (Northern Qi), 北齊寶山靈泉寺憑法師 (道憑) 燒身塔 (Photo: T. Miller, 2019)",2019-05-28T00:31:15,,,jpg,0,0,https://live.staticflickr.com/65535/52185457598_0254fbb988_t.jpg,https://live.staticflickr.com/65535/52185457598_baea89bcd3_o.jpg,4000,6000
52184610640.jpg,52184610640,early pagoda imageATTCAT,0,"Relief of building considered to be an early ta 塔, Shifang 什邡, Sichuan 四川, ca. 2nd-3rd cen. CE, grey brick, dimensions: 21 x 15 x 7.5 cm 佛塔畫像磚，四川省什邡縣，東漢晚期， 質灰陶，21 x 15 x 7.5 厘米 (Image: after He Yun'ao 賀雲翱, et al. eds., 1993, pl. 3; modified by T. Miller, 2022)",2022-08-20T20:42:30,,,jpg,0,0,https://live.staticflickr.com/65535/52184610640_21f5ddf257_t.jpg,https://live.staticflickr.com/65535/52184610640_f0eeb34140_o.jpg,390,600
52183425289.jpg,52183425289,"Si'e roof, Dule Monastery Mountain Gate, ca. 984 CE (Photo: Wang Lijia, 2019) 四阿独乐寺山门 (王丽佳 2019)",0,,2019-07-02T09:54:21,dulesishanmen dule si monastery mountain gate,,jpg,0,0,https://live.staticflickr.com/65535/52183425289_b352441367_t.jpg,https://live.staticflickr.com/65535/52183425289_469ee4f1ec_o.jpg,430,632
52182248038.jpg,52182248038,52163211072_c83947e261_o,0,"Mahao Cliff Tomb 麻浩崖墓, Han dynasty (Photo: Zhuge Jing, 2021)",2021-09-03T17:44:42,,,jpg,0,0,https://live.staticflickr.com/65535/52182248038_bd988507ce_t.jpg,https://live.staticflickr.com/65535/52182248038_998c06fd0f_o.jpg,3648,5472
52182252156.png,52182252156,Jiejian banzhang 截間版帳,0,"
Jiejian banzhang 截間版帳, interpretative reconstruction drawing following the YZFS (Image: Wang Lijia 王丽佳)

根據故宮本《營造法式》所載構件及其尺寸、牙頭護縫圖樣等內容，並參考前人學者成果所復原的截間版帳立面及軸測分解（筆者自繪）。因《營造法式》對截間版帳的描述有限，前人學者在復原時也有多處不一致，所以此復原圖雖為在此基礎上試圖更近一步的復原，但不一定準確無誤。",2022-06-29T12:57:00,,,png,0,0,https://live.staticflickr.com/65535/52182252156_8f7eafc93d_t.jpg,https://live.staticflickr.com/65535/52182252156_eed613eff8_o.png,866,2012
52182240896.jpg,52182240896,52164482254_a9745c3b04_o,0,"Pingjiang Tu《平江圖》(1229 CE), detail showing ting 廳 and tang 堂, (Image: Gu, Suzhou Gucheng Ditu, 2004, modified by Danni Huang, 2022)
《平江圖》局部，南宋紹定二年（1229）；蘇州古城地圖，蘇州：古吳軒出版社，2004",2019-05-23T19:20:15,,,jpg,0,0,https://live.staticflickr.com/65535/52182240896_8e940356ae_t.jpg,https://live.staticflickr.com/65535/52182240896_868b5ec066_o.jpg,6730,4734
52182613380.jpg,52182613380,"Mosuo tribe's house with log-cabin construction 摩梭族井干房屋, Lugu Lake 泸沽湖, Yunnan 云南 (Photo: Zhuge Jing, 2006; submitted by Danni Huang, 2022)",0,,2006-07-27T09:05:05,,,jpg,0,0,https://live.staticflickr.com/65535/52182613380_72254bb31e_t.jpg,https://live.staticflickr.com/65535/52182613380_46082c63b1_o.jpg,2000,3008
52182607685.png,52182607685,"Wing-shaped bracket 翼形栱  (Image credits below, modified by Danni Huang, 2022)",0,"

1. The Buddha Hall, Foguangsi (Tang, 857), Wutai, Shanxi, Photo by Zhuge Jing, 2018

2. The Avalokiteśvara Pavilion, Dulesi (Liao, 984), Jixian, Tianjin, Photo by Ding Boyi, 2018

3. The Sage Mother Hall, Jinci (Song, 1102),Taiyuan, Shanxi, Photo by Zhuge Jing, 2010

4. The Mañjuśrī Hall, Foguangsi (Jing, 1137), Wutai, Shanxi, Photo by Zhuge Jing, 2018

5. The Main Hall, Qinglongsi (Yuan, 1349), Lushan, Sichuan, Photo by Zuo Lala, 2010",2022-06-29T11:56:26,,,png,0,0,https://live.staticflickr.com/65535/52182607685_b3b64f7084_t.jpg,https://live.staticflickr.com/65535/52182607685_5fa30bcb9e_o.png,1210,1698
52182118053.png,52182118053,"Yangmacheng 羊馬城 and Mamian 馬面 (Image: Zeng Gongliang, 1959, modified by Danni Huang, 2022)",0,曾公亮编. 武经总要前集. 见：中华书局上海编辑所编辑. 中国古代版画丛刊第二函，北京：中华书局，1959：7-8页,2022-06-29T11:53:39,,,png,0,0,https://live.staticflickr.com/65535/52182118053_f68ab67d98_t.jpg,https://live.staticflickr.com/65535/52182118053_d0eb718d32_o.png,2466,3236
52180012568.jpg,52180012568,"zhuchu 柱础 (image: YZFS 2018, 29.4b)",0,,2022-06-19T12:05:55,yingzao fashi,,jpg,0,0,https://live.staticflickr.com/65535/52180012568_e7ff09a9ae_t.jpg,https://live.staticflickr.com/65535/52180012568_fecdd44573_o.jpg,7337,4506
52168682808.png,52168682808,"Yangmacheng 羊馬城 and Mamian 馬面 (Photo: Zeng Gongliang, 1959)",0,曾公亮编. 武经总要前集. 见：中华书局上海编辑所编辑. 中国古代版画丛刊第二函，北京：中华书局，1959：7-8页,2022-06-23T18:03:17,,,png,0,0,https://live.staticflickr.com/65535/52168682808_82e2f41f1a_t.jpg,https://live.staticflickr.com/65535/52168682808_9cfe5b107e_o.png,2466,3236
52166485361.png,52166485361,Wing-shaped bracket 翼形栱,0,"
    1. The Buddha Hall, Foguangsi (Tang, 857), Wutai, Shanxi, Photo by Zhuge Jing, 2018
    2. The Avalokiteśvara Pavilion, Dulesi (Liao, 984), Jixian, Tianjin, Photo by Ding Boyi, 2018
    3. The Sage Mother Hall, Jinci (Song, 1102),Taiyuan, Shanxi, Photo by Zhuge Jing, 2010
    4. The Mañjuśrī Hall, Foguangsi (Jing, 1137), Wutai, Shanxi, Photo by Zhuge Jing, 2018
    5. The Main Hall, Qinglongsi (Yuan, 1349), Lushan, Sichuan, Photo by Zuo Lala, 2010",2022-06-22T18:21:24,,,png,0,0,https://live.staticflickr.com/65535/52166485361_d9968dc1c7_t.jpg,https://live.staticflickr.com/65535/52166485361_4a761b26eb_o.png,1210,1698
52165321614.jpg,52165321614,"Zhuchu 柱础 (Photo: YZFS, 2018)",0,YZFS 2018，29.4b,2022-06-19T12:05:55,,,jpg,0,0,https://live.staticflickr.com/65535/52165321614_5187f9f561_t.jpg,https://live.staticflickr.com/65535/52165321614_de6087be2f_o.jpg,7337,4506
52164247456.jpg,52164247456,"Mosuo tribe's house with log-cabin construction 摩梭族井干房屋, Lugu Lake 泸沽湖, Yunnan 云南 (Photo: Zhuge Jing, 2006)",0,,2006-07-27T09:05:05,,,jpg,0,0,https://live.staticflickr.com/65535/52164247456_b2eaf568ab_t.jpg,https://live.staticflickr.com/65535/52164247456_62448f84e3_o.jpg,2000,3008
52164482254.jpg,52164482254,"Section from the Pingjiang Tu《平江圖》, (Photo: Gu, Suzhou Gucheng Ditu, 2004)",0,《平江圖》局部，南宋紹定二年（1229）；蘇州古城地圖，蘇州：古吳軒出版社，2004,2019-05-23T19:20:15,,,jpg,0,0,https://live.staticflickr.com/65535/52164482254_72694817f8_t.jpg,https://live.staticflickr.com/65535/52164482254_a9745c3b04_o.jpg,6730,4734
52163211072.jpg,52163211072,"Mahao Cliff Tomb 麻浩崖墓, Han dynasty, (Photo: Zhuge Jing)",0,,2021-09-03T17:44:42,,,jpg,0,0,https://live.staticflickr.com/65535/52163211072_b30a57f3b3_t.jpg,https://live.staticflickr.com/65535/52163211072_c83947e261_o.jpg,3648,5472
52164721640.png,52164721640,截间版帐,0,"截间版帐，复原：王丽佳
根據故宮本《營造法式》所載構件及其尺寸、牙頭護縫圖樣等內容，並參考前人學者成果所復原的截間版帳立面及軸測分解（筆者自繪）。因《營造法式》對截間版帳的描述有限，前人學者在復原時也有多處不一致，所以此復原圖雖為在此基礎上試圖更近一步的復原，但不一定準確無誤。",2022-06-21T19:08:20,,,png,0,0,https://live.staticflickr.com/65535/52164721640_27bba5b5df_t.jpg,https://live.staticflickr.com/65535/52164721640_85d404a0d1_o.png,866,2012
51312063806.jpg,51312063806,[huabiao] in front of Tianan Men,0,"One of the huabiao in front of Tianan Men, Palace Museum. It was made in Yongle period (1403-1424) with the construction of Tianan Men in the MIng Dynasty. It was moved to present location in 1949. This is a typical stone huabiao placed in front of a high-ranking architecture complex in the Ming and Qing dynasties (1368-1911). (photo: ZHUGE JIng 諸葛淨, 2005, modified by ZHUGE Jing 諸葛淨)",2005-07-07T05:26:57,,,jpg,0,0,https://live.staticflickr.com/65535/51312063806_8ace5390f1_t.jpg,https://live.staticflickr.com/65535/51312063806_edca41c4fc_o.jpg,3276,2000
51277669993.jpg,51277669993,[xia'ang]Model of bujian puzuo in Sage Mother Hall,0,"Model of bujian puzuo with red marked xia'ang, lower eave dougong, Sage Mother Hall (mid. 11th century), Jinci, Shanxi (SU model: ZHOU Miao 周淼, image: XIE Qizhen 謝祺錚)",2021-06-28T23:37:55,,,jpg,0,0,https://live.staticflickr.com/65535/51277669993_9d487792c7_t.jpg,https://live.staticflickr.com/65535/51277669993_383a5a6d01_o.jpg,774,1110
51273946031.jpg,51273946031,[ang] different types of ang in Yingzao fashi,0,"Illustrations of different types of ang in Yingzao fashi (1103) (after: YZFS 2009, 30.6a,7a, modified by: ZHUGE Jing 諸葛淨)",2021-06-04T05:52:10,,,jpg,0,0,https://live.staticflickr.com/65535/51273946031_e0c44fd0fc_t.jpg,https://live.staticflickr.com/65535/51273946031_4fdcb5e4b0_o.jpg,3081,4206
51273155892.jpg,51273155892,[pingliang] Timber frame of Sage Mother Hall in Jinci,0,"Pingliang in the Sage Mother Hall (mid. 11th century), Jinci, Shanxi (SU Model: Zhou Miao 周淼, image: Xie Qizhen 謝祺錚)",2021-05-08T15:53:58,,,jpg,0,0,https://live.staticflickr.com/65535/51273155892_6f982e244c_t.jpg,https://live.staticflickr.com/65535/51273155892_24b5eeb605_o.jpg,2940,2205
51273831066.jpg,51273831066,[tiaowo] bujian puzuo in the Second Gate of Huqiu,0,"Bujian puzuo in the Second Gate of Huqiu (1030-1073), Suzhou (after; 江南寺观. 张十庆, 诸葛净, 编. 北京: 中国建筑工业出版社, 2020. 82; modified by: Xie Qizhen 謝祺錚)",2021-06-27T20:04:54,,,jpg,0,0,https://live.staticflickr.com/65535/51273831066_a6350717de_t.jpg,https://live.staticflickr.com/65535/51273831066_11753bf8ba_o.jpg,437,633
51274177544.jpg,51274177544,[rufu] in Yingzao fashi,0,"Rufu in Yingzao fashi (1103) (after: YZFS 2009, 31.10a-b, modified by: Zhuge Jing 諸葛淨)",2021-06-27T15:23:14,,,jpg,0,0,https://live.staticflickr.com/65535/51274177544_b0eff5fce6_t.jpg,https://live.staticflickr.com/65535/51274177544_65794ef2d9_o.jpg,2909,4623
51272659777.jpg,51272659777,[zhaqian] in Yingzao fashi (1103),0,"zhaqian in Yingzaofshi (1103) (after YZFS 2009, 31.17a-b, modified by: Zhuge Jing 諸葛淨)",2021-06-27T14:48:22,,,jpg,0,0,https://live.staticflickr.com/65535/51272659777_48b01f1ecb_t.jpg,https://live.staticflickr.com/65535/51272659777_32d11653e2_o.jpg,2948,4576
51272443557.jpg,51272443557,[tiaowo] angwei tiaowo 昂尾挑斡,0,"Bujian puzuo in lower eave, Sage Mother Hall (mid. 11th century), Jinci, Shanxi (SU Model: Zhou Miao 周淼; image: Xie Qizhen 謝祺錚)",2021-05-08T15:19:21,,,jpg,0,0,https://live.staticflickr.com/65535/51272443557_616ac5d4ac_t.jpg,https://live.staticflickr.com/65535/51272443557_dafc0d3a43_o.jpg,1740,1305
51273884904.jpg,51273884904,[shang'ang] in Yingzao fashi,0,"Cross frame drawings of shang'ang in Yingzao fashi (1103) (after: YZFS 2009, 30.7a-b, modified by Zhuge Jing 諸葛淨)",2021-06-06T09:15:16,,,jpg,0,0,https://live.staticflickr.com/65535/51273884904_57ca27b94e_t.jpg,https://live.staticflickr.com/65535/51273884904_f3828df2cf_o.jpg,3081,3704
51273149921.jpg,51273149921,[yingshan] side view of the eastern side hall in Changchun Palace,0,"Side view of the eastern side hall in Changchun Palace, 1644-1911, Palace Museum, Beijing (photo: Jia Tingli 賈亭立, 2018)",2018-08-29T08:55:34,,,jpg,0,0,https://live.staticflickr.com/65535/51273149921_ab82e77bb1_t.jpg,https://live.staticflickr.com/65535/51273149921_1b10c5c92c_o.jpg,3648,5472
51273295433.jpg,51273295433,[jia'ang] ang in Qingshi yingzao zeli,0,"Ang in the Qing Dynasty (after: 梁思成. 清式營造則例. 北京: 中國建築工業出版社, 1981. 21, 23, modified by: Zhuge Jing 諸葛淨)",2021-06-27T10:46:26,,,jpg,0,0,https://live.staticflickr.com/65535/51273295433_b3027a00bb_t.jpg,https://live.staticflickr.com/65535/51273295433_9b28371105_o.jpg,634,452
51272358062.jpg,51272358062,[yingshan] Front view of the eastern side hall in Changchun Palace,0,"Front view of the eastern side hall in Changchun Palace, 1644-1911, Palace Museum, Beijing (photo: Jia Tingli 賈亭立, 2018)",2018-08-29T08:49:26,,,jpg,0,0,https://live.staticflickr.com/65535/51272358062_f71a334401_t.jpg,https://live.staticflickr.com/65535/51272358062_1617ce2780_o.jpg,1908,3228
51273062306.jpg,51273062306,"[jia'ang] Sage Mother Hall, upper eave dougong",0,"Jia‘ang in Sage Mother Hall, mid. 11th century, Jingci, Shanxi (SU model: Zhou Miao 周淼; image: Xie Qizhen 謝祺錚)",2021-05-08T14:41:42,,,jpg,0,0,https://live.staticflickr.com/65535/51273062306_e5499a1bb6_t.jpg,https://live.staticflickr.com/65535/51273062306_b27c0c1be6_o.jpg,1740,1305
51274000060.jpg,51274000060,"[cuanjian] Zhonghe Hall, Palace Museum",0,"Zhonghe Hall, 1627, Palace Museum, Beijing (photo: Zhuge Jing 諸葛淨, 2005)",2005-07-06T23:54:33,,,jpg,0,0,https://live.staticflickr.com/65535/51274000060_61780f4d09_t.jpg,https://live.staticflickr.com/65535/51274000060_a6a9f360f6_o.jpg,1234,1885
51273692164.jpg,51273692164,[cuanjian],0,"Pagoda, Northern Wei Dynasty (386-534), Xian Museum (after:刘合心, 徐进. 陕西发现佛教供奉塔、造像塔和画像砖塔述要. 文博, 2016(06): 16–42. modified by: Zhuge Jing 諸葛淨)",2021-06-27T08:21:04,,,jpg,0,0,https://live.staticflickr.com/65535/51273692164_d8a54182c4_t.jpg,https://live.staticflickr.com/65535/51273692164_95650e31f1_o.jpg,537,403
51271089077.jpg,51271089077,[shaliangtou],0,"Jiuji xiaozhang 九脊小帳 in Yingzao fashi (1103) (after: Li 2009, 32.21a)",2021-06-26T21:32:11,,,jpg,0,0,https://live.staticflickr.com/65535/51271089077_0b59fac8ea_t.jpg,https://live.staticflickr.com/65535/51271089077_c52b199512_o.jpg,2964,2304
51272856055.jpg,51272856055,[danchi],0,Different objects danchi refers to in different periods (image: Jiang Jiayuan 蔣嘉元),2021-06-26T21:25:43,,,jpg,0,0,https://live.staticflickr.com/65535/51272856055_282ac569be_t.jpg,https://live.staticflickr.com/65535/51272856055_8b3d7c3cd7_o.jpg,2522,3650
51270917657.jpg,51270917657,[lutai],0,"lutai in Miaomao tu beike 廟貌圖碑刻(1127), Houtu Shrine 後土祠, Shanxi (photo and modified by: Jiang Jiayuan 蔣嘉元, 2021)",2021-04-25T16:49:45,,,jpg,0,0,https://live.staticflickr.com/65535/51270917657_ab24dbe6f4_t.jpg,https://live.staticflickr.com/65535/51270917657_c04e0a3935_o.jpg,1649,1996
51271646746.jpg,51271646746,[lutai],0,"lutai of the Sanqing Hall (Wuji Hall), 1240-1260, Yongle Palace, Shanxi (photo: Wang Lijia 王麗佳，2019）",2019-07-23T12:54:11,,,jpg,0,0,https://live.staticflickr.com/65535/51271646746_7e24d02c37_t.jpg,https://live.staticflickr.com/65535/51271646746_b9359d08ee_o.jpg,647,785
51271929049.jpg,51271929049,[mingjian],0,mingjian (after: 劉敦楨主編.中國古代建築史.北京：中國建築工業出版社.1980.fig.134-2; modified by: Guo Mian 郭勉),2021-06-26T12:38:54,,,jpg,0,0,https://live.staticflickr.com/65535/51271929049_2f90e46aaa_t.jpg,https://live.staticflickr.com/65535/51271929049_0941e4d0ab_o.jpg,3508,2480
51271321083.jpg,51271321083,[xinjian],0,xinjian (after: 劉敦楨主編.中國古代建築史.北京：中國建築工業出版社.1980.fig.134-2; modified by: Guo Mian 郭勉),2021-06-26T11:50:03,,,jpg,0,0,https://live.staticflickr.com/65535/51271321083_e427f1fda9_t.jpg,https://live.staticflickr.com/65535/51271321083_64405e6eec_o.jpg,2712,3427
51271831469.jpg,51271831469,[caojia],0,"caojia in Yingzao fayuan (after: 姚承祖. 1979. 姚承祖營造法原圖. 同济大学建筑系. 7,9 modified by: Zhuge Jing 諸葛淨)",2021-06-26T11:12:47,,,jpg,0,0,https://live.staticflickr.com/65535/51271831469_be215ea019_t.jpg,https://live.staticflickr.com/65535/51271831469_fd38684226_o.jpg,1475,2860
51271148768.jpg,51271148768,[ceyang],0,"Ceyang of shang'ang and xia'ang in Yingzao fashi (1103) (after: YZFS 2009, 30.6a, 30.7a)",2021-06-26T09:18:42,,,jpg,0,0,https://live.staticflickr.com/65535/51271148768_48c9c465e9_t.jpg,https://live.staticflickr.com/65535/51271148768_29beeb394f_o.jpg,2949,4782
51271699104.jpg,51271699104,[ceyang],0,"caojia ceyang of a palatial hall in Yingzao fashi (1103) (after: YZFS 2009, 31.4a-b)",2020-07-10T20:26:02,,,jpg,0,0,https://live.staticflickr.com/65535/51271699104_52f414417d_t.jpg,https://live.staticflickr.com/65535/51271699104_f39300f004_o.jpg,3543,4669
51270633319.jpg,51270633319,[wutoumen],0,"illustration of wutoumen in Yingzao fashi (after: YZFS 2009, 32.2b, modified by Zhao Yuqian 赵与谦）",2021-06-25T21:36:09,,,jpg,0,0,https://live.staticflickr.com/65535/51270633319_49a8f475f7_t.jpg,https://live.staticflickr.com/65535/51270633319_8d6fe974f9_o.jpg,729,1512
51270686055.jpg,51270686055,[lingxingmen],0,Locations of lingxingmen in different types of building coplexes from the Song to Qing dynasties (by: Zhao Yuqian 趙與謙）,2021-06-25T18:32:48,,,jpg,0,0,https://live.staticflickr.com/65535/51270686055_fe48e1f64c_t.jpg,https://live.staticflickr.com/65535/51270686055_86c920e3cb_o.jpg,4033,8910
51270326294.jpg,51270326294,[wutoumen] timeline,0,timeline of wutoumen and related terms (by Zhao Yuqian 赵与谦）,2021-06-25T17:32:30,,,jpg,0,0,https://live.staticflickr.com/65535/51270326294_03c4e3b8ec_t.jpg,https://live.staticflickr.com/65535/51270326294_b726af63e0_o.jpg,619,1414
51268846272.jpg,51268846272,[lingxingmen],0,"lingxingmen as a gate of shetan (after: Zhou 1990, 1384)",2021-06-25T17:28:21,,,jpg,0,0,https://live.staticflickr.com/65535/51268846272_524ab6b4c1_t.jpg,https://live.staticflickr.com/65535/51268846272_1f0a2808d3_o.jpg,1357,1851
51265129277.jpg,51265129277,"[xieshan] Xiehe gate, Palace Museum",0,"Xiehe gate, 1368-1644, Palace Museum, Beijing 北京故宮協和門 (photo 攝影: Jia Tingli 賈亭立, 2017)
It was called Zuoshun gate 左順門and Huiji gate會極門 in the Ming dynasty. The name was changed to Xiehe gate in 1645.",2017-03-27T12:01:37,,,jpg,0,0,https://live.staticflickr.com/65535/51265129277_97a4a0e1cb_t.jpg,https://live.staticflickr.com/65535/51265129277_c6a814d537_o.jpg,1862,3418
51261374915.jpg,51261374915,图4 故宫太极殿正吻,0,"zhengwen, Taiji Hall, Imperial Palace, Beijing 北京故宮太極殿清代正吻（Photo 攝影：Jia Tingli 賈亭立, 2018）",2018-08-29T08:33:24,,,jpg,0,0,https://live.staticflickr.com/65535/51261374915_a9e39e3a99_t.jpg,https://live.staticflickr.com/65535/51261374915_1a5542dffc_o.jpg,1516,1435
51260513028.jpg,51260513028,ChiweiFig1MeishuquanjiMaijishan127,0,"chiwei, Cave 127, Maijishan Grottoes, Gansu province, Northern Wei 麥積山石窟127窟北魏壁畫中的鴟尾形象（photo after: 中國美術全集編輯委員會. 中國美術全集：繪畫篇17麦积山等石窟壁畫，北京：人民美术出版社，1987：64, modified by T. Miller）",2021-06-20T18:01:51,chiwei maijishan northernwei,,jpg,0,0,https://live.staticflickr.com/65535/51260513028_65f1a06753_t.jpg,https://live.staticflickr.com/65535/51260513028_e3b762e182_o.jpg,2000,2596
51257712641.jpg,51257712641,Figure01_Yan'e_Dragon_Pavilion_Jiyuan,0,"Longting (aka Linshui ting), Jidu Temple 檐額, 龍亭 (臨水亭), 濟瀆廟, Jiyuan, Henan (Ming, but retaining Song and Yuan elements) 
刘敦桢，梁思成認為是檐額，潘谷西認為只是 &quot;闌額通作.&quot;  Liang Sicheng and Liu Dunzhen refer to the horizontal element supported by pillars as an eaves tie beam (檐額), while Pan Guxi believes it is simply a &quot;continuous&quot; lan'e extending across multiple bays (闌額通作). (photo: Xin, CC BY-SA 4.0，https://commons.wikimedia.org/w/index.php?curid=50926537)",2021-06-19T16:02:32,,,jpg,0,0,https://live.staticflickr.com/65535/51257712641_00605c518a_t.jpg,https://live.staticflickr.com/65535/51257712641_af05f27dc7_o.jpg,1400,2100
51244357465.jpg,51244357465,tailiang diagram,0,"Diagram showing the &quot;tailiang&quot; structural system 抬梁構架圖. After: Liu Dunzhen 劉敦楨《中國古代建築史》（1980, 4）",2021-06-12T23:05:00,,,jpg,0,0,https://live.staticflickr.com/65535/51244357465_a5a703d2ab_t.jpg,https://live.staticflickr.com/65535/51244357465_f73db05425_o.jpg,2720,3000
51240572631.jpg,51240572631,Foguang dwghuagong,0,"East Hall of Foguangsi (857 CE), line drawing of column top bracket set showing huagong 佛光寺東大殿柱頭鋪作華栱 (After: Ledderose, Ten Thousand Things, p. 108, modified by T. Miller)",2021-06-11T14:06:27,,,jpg,0,0,https://live.staticflickr.com/65535/51240572631_003c3550aa_t.jpg,https://live.staticflickr.com/65535/51240572631_5e92b61917_o.jpg,2895,1917
51168404377.jpg,51168404377,Zhenrusi-Hidden-Roof,0,"noyane (hidden roof), sectional view of the main hall of Zhenru Monastery, Shanghai 上海真如寺大殿 (Line drawing: after Zuo, 2019, 131, modified by L. Zuo, 2021)",2021-05-09T19:43:06,,,jpg,0,0,https://live.staticflickr.com/65535/51168404377_d11a2cf2f0_t.jpg,https://live.staticflickr.com/65535/51168404377_447b66dc24_o.jpg,1575,1926
51151712553.jpg,51151712553,image004,0,"Historical site of the Hall of Celestial Kings, 1428, Great Bao’en Monastery 大報恩寺天王殿遺址 (added by Y. Zou, 2021)",2021-05-01T19:31:38,baoen monastery baoensi 報恩寺 nanjing celestial kings hall excavation,,jpg,0,0,https://live.staticflickr.com/65535/51151712553_5072f1c66b_t.jpg,https://live.staticflickr.com/65535/51151712553_95da5b3671_o.jpg,1080,1442
51151480841.jpg,51151480841,"Bao'ensi, Nanjing",0,"Wall of Buddhas inside the Porcelain Pagoda, 2015, Great Bao’en Monastery 大報恩寺琉璃塔佛像墻 (Photo: added by Y Zou, 2021)",2021-05-01T19:31:41,baoensi nanjing baoen monastery 報恩寺,,jpg,0,0,https://live.staticflickr.com/65535/51151480841_454e4e4ba9_t.jpg,https://live.staticflickr.com/65535/51151480841_5dd36c8dce_o.jpg,3000,4000
51151480821.jpg,51151480821,image003,0,"Seven Treasures Asoka Reliquary Pagoda, 1011 (reproduction?), Great Bao’en Monastery, 大報恩寺琉璃塔七寶 阿育王塔 (Photo: added by Y. Zou, 2021)
",2021-05-01T19:31:40,baoensi asoka pagoda baoen monastery 長干寺 changgansi 報恩寺 nanjing,,jpg,0,0,https://live.staticflickr.com/65535/51151480821_bd22ce6599_t.jpg,https://live.staticflickr.com/65535/51151480821_b375f00be9_o.jpg,4000,3000
51161075871.jpg,51161075871,Yongle Gong site-plan 永樂宮總平面圖（中国文物地图集山西分册）,9,,2021-05-06T17:48:28,,,jpg,0,0,https://live.staticflickr.com/65535/51161075871_04e808b195_t.jpg,https://live.staticflickr.com/65535/51161075871_92930f71dc_o.jpg,2093,972
51160394722.png,51160394722,Yonglegong 永樂宮圖（光绪續修永濟縣志）,9,,2021-05-06T02:34:17,,,png,0,0,https://live.staticflickr.com/65535/51160394722_5e2ffc27ff_t.jpg,https://live.staticflickr.com/65535/51160394722_8123153869_o.png,517,692
51161820955.jpg,51161820955,frontside shanmen Dulesi DHuang,0,"Mountain Gate front facade, Liao dynasty, Dule Monastery 獨樂寺山門正面 (Photo: D. Huang, 2021",2021-01-16T22:18:33,,,jpg,0,0,https://live.staticflickr.com/65535/51161820955_dbd1533c0a_t.jpg,https://live.staticflickr.com/65535/51161820955_6709bf0900_o.jpg,3779,6000
51159940752.jpg,51159940752,Unknown-2,0,"獨樂寺觀音 Dulesi Guanyin 984 CE (Photo: D. Huang, 2021)",2021-01-17T12:05:15,,,jpg,0,0,https://live.staticflickr.com/65535/51159940752_df119f6cb7_t.jpg,https://live.staticflickr.com/65535/51159940752_9de9761142_o.jpg,3520,1980
51161690595.jpg,51161690595,IMG_6132Danni Huang Dulesi,0,"Guanyin at Dulesi 獨樂寺觀音984 CE (Photo: D. Huang, 2021)",2021-01-17T12:02:18,,,jpg,0,0,https://live.staticflickr.com/65535/51161690595_cfc3fee0ab_t.jpg,https://live.staticflickr.com/65535/51161690595_152bd02652_o.jpg,3024,4032
51159005643.jpg,51159005643,touxin Baoguosi Mahavira Treasure Hall,0,"touxin 偷心, Baoguosi Mahavira Treasure Hall 保國寺大雄寶殿 (1013); (Photo: T Miller, 2019)",2021-05-04T23:26:28,,,jpg,0,0,https://live.staticflickr.com/65535/51159005643_e47b3b569b_t.jpg,https://live.staticflickr.com/65535/51159005643_8b951b726d_o.jpg,724,1086
51159477774.jpg,51159477774,jixin Guanghuasi Main Hall,0,"jixin 計心, Guanghuasi Main Hall 廣化寺正殿 (1125-1234), Taiguxian, Shanxi (Photo: T. Miller)",2010-07-03T00:45:20,,,jpg,0,0,https://live.staticflickr.com/65535/51159477774_c9955d068b_t.jpg,https://live.staticflickr.com/65535/51159477774_6a035c8520_o.jpg,1371,2048
51158877903.jpg,51158877903,Nan Jixiansi xiegong,0,"xiegong 斜栱, South Jixiangsi Middle Hall 南吉祥寺中殿 (1030 CE); Lingchuan, Shanxi (Photo: T. Miller, 2010)",2010-06-27T15:37:52,southjixiangsi nan jixiangsi lingchuan shanxi northernsongdynasty,,jpg,0,0,https://live.staticflickr.com/65535/51158877903_44d243b9c5_t.jpg,https://live.staticflickr.com/65535/51158877903_e0cc732f8b_o.jpg,1310,1934
51158192711.jpg,51158192711,"Dulesi Plan 獨樂寺平面圖 (After: Chen Mingda, Jixian Dulesi, p. 61; modified by D. Huang, 2021)",0,"Dulesi, site plan 獨樂寺平面圖 (After: Chen Mingda, Jixian Dulesi, 2007, 61; modified by D. Huang, 2021)",2021-05-01T12:44:47,,,jpg,0,0,https://live.staticflickr.com/65535/51158192711_1afb4c1fcd_t.jpg,https://live.staticflickr.com/65535/51158192711_4407efb106_o.jpg,1793,1515
51151480861.jpg,51151480861,image001,0,"Modern Interpretation of the Porcelain Pagoda, 2015, Great Bao’en Monastery 大報恩寺琉璃塔（重建）(Photo: added by Y. Zou, 2021)",2021-05-01T19:31:42,baoen monastery baoensi liulita porcelain pagoda glazed 報恩寺 nanjing 琉璃塔,,jpg,0,0,https://live.staticflickr.com/65535/51151480861_c175319efe_t.jpg,https://live.staticflickr.com/65535/51151480861_8aaa74d946_o.jpg,3000,4000
51150352112.jpg,51150352112,"Dulesi axonometric site (Photo: modified from image at site by D Huang, 2021)",0,"Baoen cloister or yuan 報恩院; Dulesi 獨樂寺 (Photo: modified from image at site by D Huang, 2021)",2021-05-01T14:45:44,,,jpg,0,0,https://live.staticflickr.com/65535/51150352112_0d918811a8_t.jpg,https://live.staticflickr.com/65535/51150352112_c06d4b4c46_o.jpg,2553,3809
51147259732.jpg,51147259732,jian-sectional-view,0,"jian, sectional view of the main hall of Zhenru Monastery, Shanghai 上海真如寺大殿 (Line drawing: after Zuo, 2019, 131, modified by L. Zuo, 2021)",2021-04-30T02:02:28,,,jpg,0,0,https://live.staticflickr.com/65535/51147259732_3f8f28531a_t.jpg,https://live.staticflickr.com/65535/51147259732_9e28ae08e4_o.jpg,2100,2568
51149022330.jpg,51149022330,jian,0,"jian, front elevation of the main hall of Zhenru Monastery, Shanghai 上海真如寺大殿 (Line drawing: after Zuo, 2019, 133, modified by L. Zuo, 2021)",2021-04-30T16:41:14,,,jpg,0,0,https://live.staticflickr.com/65535/51149022330_99c31df755_t.jpg,https://live.staticflickr.com/65535/51149022330_6d0c7f7e34_o.jpg,868,1298
51149009405.jpg,51149009405,mingjian,0,"mingjian, the main hall of Zhenru Monastery, Shanghai 上海真如寺大殿 (Line drawing: after Zuo, 2019, 133, modified by L. Zuo, 2021)",2021-04-30T16:34:25,,,jpg,0,0,https://live.staticflickr.com/65535/51149009405_03a0bbd743_t.jpg,https://live.staticflickr.com/65535/51149009405_9f15a2c9ab_o.jpg,857,1333
51147916251.jpg,51147916251,cijian,0,"cijian, front elevation of the main hall of Zhenru Monastery, Shanghai 上海真如寺大殿 (Line drawing: after Zuo, 2019, 133, modified by L. Zuo, 2021)",2021-04-30T16:41:14,,,jpg,0,0,https://live.staticflickr.com/65535/51147916251_cf2476ece9_t.jpg,https://live.staticflickr.com/65535/51147916251_44fcfb14c6_o.jpg,868,1298
51148087718.gif,51148087718,Shang'ang,0,"shang'ang, the main hall of Tianning Monastery, Jinhua, Zhejiang 金华天宁寺大殿 (Line drawing: after Zuo 2019, 128, modified by L. Zuo, 2021) ",2021-04-30T00:56:36,,,gif,0,0,https://live.staticflickr.com/65535/51148087718_47e562f195_t.jpg,https://live.staticflickr.com/65535/51148087718_498f706fc9_o.gif,1105,1195
51146567120.jpg,51146567120,IMG_2921,0,"Dulesi Shanmen (Photo: Danni Huang, 2021)",2021-01-16T22:29:29,dulesi dulemonastery jixian tianjin,,jpg,0,0,https://live.staticflickr.com/65535/51146567120_4ed677b9a7_t.jpg,https://live.staticflickr.com/65535/51146567120_e5652873ca_o.jpg,4000,6000
51142535907.jpg,51142535907,"Wuji Hall, 1247-1262, Yongle Palace (photo: S. Xiaoqian, 2011)",0,,2011-07-19T10:12:40,,,jpg,0,0,https://live.staticflickr.com/65535/51142535907_a7c12406cb_t.jpg,https://live.staticflickr.com/65535/51142535907_0fce75b763_o.jpg,2848,4288
51144314945.jpg,51144314945,"Wuji Gate, 1294, Yongle Palace (photo: D. Boyi, 2018)",0,,2018-07-22T09:13:14,,,jpg,0,0,https://live.staticflickr.com/65535/51144314945_3a4348a607_t.jpg,https://live.staticflickr.com/65535/51144314945_d38e993cf1_o.jpg,3456,4608
51143056548.jpg,51143056548,Nanking_ErlachXII,0,"Nanjing Porcelain Pagoda, from Fischer von Erlach, A Plan of Civil and Historical Architecture (1721) (Source: Wikimedia Commons, 4/2021)",2009-06-11T20:28:09,fischervonerlach nanking nanjing porcelainpagoda baoensi baoen monastery 報恩寺,,jpg,0,0,https://live.staticflickr.com/65535/51143056548_03e47e684c_t.jpg,https://live.staticflickr.com/65535/51143056548_e3a3a48311_o.jpg,927,1280
51142587928.jpg,51142587928,Baoensi Pagoda Nanjing 2017 Miller,0,"View of Modern Bao'ensi Pagoda and excavation site, entrance (photo: T. Miller 2017)",2017-05-11T23:14:51,報恩寺 nanjing baoen monastery baoensi pagoda 琉璃塔 liulita,,jpg,0,0,https://live.staticflickr.com/65535/51142587928_eea8a60ecf_t.jpg,https://live.staticflickr.com/65535/51142587928_f6ec1571a4_o.jpg,3165,4823
51138340997.jpg,51138340997,"Xingshengjiaosi site plan key (S. Brooker, 2021)",0,,2021-04-17T10:00:20,xingshengjiaosi shanghai,,jpg,0,0,https://live.staticflickr.com/65535/51138340997_116788b0a7_t.jpg,https://live.staticflickr.com/65535/51138340997_10e1e15c48_o.jpg,4032,3024
51140114380.jpg,51140114380,IMG_5999,0,"View of east face of Xingshengjiao monastery pagoda facing west, Northern Song (1068-1094), Xingshengjiao Monastery Pagoda (Photo: S. Brooker, 2021",2021-04-17T11:03:35,xingshengjiaosi shanghai,,jpg,0,0,https://live.staticflickr.com/65535/51140114380_24b5ed3da8_t.jpg,https://live.staticflickr.com/65535/51140114380_ef323b5598_o.jpg,4032,3024
51139226553.jpg,51139226553,IMG_5991,0,"View of southeast corner of Xingshengjiao monastery pagoda facing northwest from Wangxian bridge of Square Pagoda Park, Northern Song (1068-1094), Xingshengjiao Monastery Pagoda (Photo: S. Brooker, 2021",2021-04-17T10:55:21,xingshengjiaosi shanghai,,jpg,0,0,https://live.staticflickr.com/65535/51139226553_a945e82574_t.jpg,https://live.staticflickr.com/65535/51139226553_491d039b37_o.jpg,4032,3024
51140114445.jpg,51140114445,IMG_5988,0,"View of southeast corner of Xingshengjiao monastery pagoda facing northwest from Yingxian bridge of Square Pagoda Park, Northern Song (1068-1094), Xingshengjiao Monastery Pagoda (Photo: S. Brooker, 2021",2021-04-17T10:52:25,xingshengjiaosi shanghai,,jpg,0,0,https://live.staticflickr.com/65535/51140114445_7bcb9c0c8e_t.jpg,https://live.staticflickr.com/65535/51140114445_aa5b82a8ec_o.jpg,4032,3024
51138333287.jpg,51138333287,IMG_5983,0,"Southern elevation view of Xingshengjiao monastery pagoda facing north from large grassland of Square Pagoda Park, Northern Song (1068-1094), Xingshengjiao Monastery Pagoda (Photo: S. Brooker, 2021",2021-04-17T10:49:48,xingshengjiaosi shanghai,,jpg,0,0,https://live.staticflickr.com/65535/51138333287_f73a447313_t.jpg,https://live.staticflickr.com/65535/51138333287_c45b98cff7_o.jpg,3024,4032
51140114485.jpg,51140114485,IMG_5981,0,"Xingshengjiaosi (S. Brooker, 2021)",2021-04-17T10:49:28,xingshengjiaosi shanghai,,jpg,0,0,https://live.staticflickr.com/65535/51140114485_4f154a7bc5_t.jpg,https://live.staticflickr.com/65535/51140114485_f49606e4fa_o.jpg,4032,3024
51138333337.jpg,51138333337,IMG_5980,0,"Xingshengjiaosi (S. Brooker, 2021)",2021-04-17T10:49:14,xingshengjiaosi shanghai,,jpg,0,0,https://live.staticflickr.com/65535/51138333337_bd1197296e_t.jpg,https://live.staticflickr.com/65535/51138333337_fbf8d43677_o.jpg,4032,3024
51139009476.jpg,51139009476,IMG_5973,0,"Xingshengjiaosi (S. Brooker, 2021)",2021-04-17T10:47:41,xingshengjiaosi shanghai,,jpg,0,0,https://live.staticflickr.com/65535/51139009476_3534ec11d9_t.jpg,https://live.staticflickr.com/65535/51139009476_9406900f9e_o.jpg,4032,3024
51139226678.jpg,51139226678,IMG_5896,0,"Xingshengjiaosi (S. Brooker, 2021)",2021-04-17T10:21:57,xingshengjiaosi shanghai,,jpg,0,0,https://live.staticflickr.com/65535/51139226678_e14cc2c581_t.jpg,https://live.staticflickr.com/65535/51139226678_0d398a5f88_o.jpg,4032,3024
51139009531.jpg,51139009531,IMG_5877,0,"Xingshengjiaosi (S. Brooker, 2021)",2021-04-17T10:17:18,xingshengjiaosi shanghai,,jpg,0,0,https://live.staticflickr.com/65535/51139009531_c95eee5382_t.jpg,https://live.staticflickr.com/65535/51139009531_1f8e8923d9_o.jpg,4032,3024
51140114550.jpg,51140114550,IMG_5872,0,"Xingshengjiaosi (S. Brooker, 2021)",2021-04-17T10:15:55,xingshengjiaosi shanghai,,jpg,0,0,https://live.staticflickr.com/65535/51140114550_2bee104665_t.jpg,https://live.staticflickr.com/65535/51140114550_5608d492cb_o.jpg,3024,4032
51138333467.jpg,51138333467,IMG_5870,0,"Xingshengjiaosi (S. Brooker, 2021)",2021-04-17T10:15:15,xingshengjiaosi shanghai,,jpg,0,0,https://live.staticflickr.com/65535/51138333467_ac13643bb1_t.jpg,https://live.staticflickr.com/65535/51138333467_f313d4e519_o.jpg,4032,3024
51140114590.jpg,51140114590,IMG_5869,0,"Xingshengjiaosi (S. Brooker, 2021)",2021-04-17T10:15:05,xingshengjiaosi shanghai,,jpg,0,0,https://live.staticflickr.com/65535/51140114590_f92d8dfeb8_t.jpg,https://live.staticflickr.com/65535/51140114590_018122304a_o.jpg,4032,3024
51139009616.jpg,51139009616,IMG_5866,0,"Xingshengjiaosi (S. Brooker, 2021)",2021-04-17T10:12:17,xingshengjiaosi shanghai,,jpg,0,0,https://live.staticflickr.com/65535/51139009616_220a1cd977_t.jpg,https://live.staticflickr.com/65535/51139009616_814a3bdd4e_o.jpg,4032,3024
51139784764.jpg,51139784764,IMG_5862,0,"Xingshengjiaosi (S. Brooker, 2021)",2021-04-17T10:09:03,xingshengjiaosi shanghai,,jpg,0,0,https://live.staticflickr.com/65535/51139784764_29c8352891_t.jpg,https://live.staticflickr.com/65535/51139784764_3a2f4681de_o.jpg,4032,3024
51139226833.jpg,51139226833,IMG_5861,0,"Xingshengjiaosi (S. Brooker, 2021)",2021-04-17T10:08:56,xingshengjiaosi shanghai,,jpg,0,0,https://live.staticflickr.com/65535/51139226833_5ba55f9876_t.jpg,https://live.staticflickr.com/65535/51139226833_9425ec76ce_o.jpg,4032,3024
51139784804.jpg,51139784804,IMG_5856,0,"Xingshengjiaosi (S. Brooker, 2021)",2021-04-17T10:07:46,xingshengjiaosi shanghai,,jpg,0,0,https://live.staticflickr.com/65535/51139784804_418c3fc581_t.jpg,https://live.staticflickr.com/65535/51139784804_25c34897d4_o.jpg,3024,4032
51139226888.jpg,51139226888,IMG_5847,0,"Xingshengjiaosi (S. Brooker, 2021)",2021-04-17T10:05:04,xingshengjiaosi shanghai,,jpg,0,0,https://live.staticflickr.com/65535/51139226888_e740bfb162_t.jpg,https://live.staticflickr.com/65535/51139226888_3a5990296e_o.jpg,3024,4032
51139784834.jpg,51139784834,IMG_5826,0,"Xingshengjiaosi (S. Brooker, 2021)",2021-04-17T10:00:13,xingshengjiaosi shanghai,,jpg,0,0,https://live.staticflickr.com/65535/51139784834_99bd8efe2b_t.jpg,https://live.staticflickr.com/65535/51139784834_a3d7ed3668_o.jpg,4032,3024
51139784859.jpg,51139784859,IMG_5825,0,"Xingshengjiaosi (S. Brooker, 2021)",2021-04-17T09:55:15,xingshengjiaosi shanghai,,jpg,0,0,https://live.staticflickr.com/65535/51139784859_e41eff1231_t.jpg,https://live.staticflickr.com/65535/51139784859_21693a9bf9_o.jpg,3024,4032
51132246458.jpg,51132246458,Danni Huang Dule temple tourist map,0,,2021-04-22T15:26:48,dulesi dule monastery,,jpg,0,0,https://live.staticflickr.com/65535/51132246458_0b0dac2109_t.jpg,https://live.staticflickr.com/65535/51132246458_b5bcc78b50_o.jpg,2582,3826
51131142314.jpg,51131142314,Zhenrusi main hall inscription DSC0074A,0,"Zhenrusi main hall, detail of inscription (photo: T. Miller, 2009)",2009-06-01T23:25:38,zhenrusi zhenrumonastery,,jpg,0,0,https://live.staticflickr.com/65535/51131142314_61bc4cc1a0_t.jpg,https://live.staticflickr.com/65535/51131142314_84661d2146_o.jpg,2315,3769
51123193549.jpg,51123193549,"Sarira Pagoda, 937-975, Qixia Monastery (Photo: T. Miller, 2017)",0,"Sarira Pagoda, 937-975, Qixia Monastery 棲霞寺舍利塔 (Photo: T. Miller, 2017), detail of lowest stories and foundation platform",2017-05-12T21:06:40,qixiasi nanjing,,jpg,0,0,https://live.staticflickr.com/65535/51123193549_f64616d784_t.jpg,https://live.staticflickr.com/65535/51123193549_79536c308a_o.jpg,4000,6000
51123429521.jpg,51123429521,QixiasiZhangXuliang4,0,"Qixia Monastery (established 489 CE), Entrance 棲霞寺入口 (Photo: X. Zhang, 2021; modified by T. Miller, 2021)",2021-04-18T11:58:20,qixiasi nanjing,,jpg,0,0,https://live.staticflickr.com/65535/51123429521_a538b82199_t.jpg,https://live.staticflickr.com/65535/51123429521_597437b432_o.jpg,2956,2934
51124228570.jpg,51124228570,QixiasiZhangXuliang3,0,"Sarira Pagoda, 937-975, Qixia Monastery, 棲霞寺舍利塔 (Photo: X. Zhang, 2021; modified by T. Miller, 2021)",2021-04-18T10:52:23,qixiasi nanjing,,jpg,0,0,https://live.staticflickr.com/65535/51124228570_31257e7d1c_t.jpg,https://live.staticflickr.com/65535/51124228570_3b50ba8832_o.jpg,3024,4032
51123429601.jpg,51123429601,QixiasiZhangXuliang2,0,"Thousand Buddha Cliff, 484, Qixia Monastery, 棲霞寺千佛岩石窟 (Photo: X. Zhang, 2021; modified by T. Miller, 2021)",2021-04-18T10:52:24,qixiasi nanjing,,jpg,0,0,https://live.staticflickr.com/65535/51123429601_96e93f791b_t.jpg,https://live.staticflickr.com/65535/51123429601_f830abf4b3_o.jpg,3024,4032
51124228750.jpg,51124228750,QixiasiZhangXuliang1,0,"Thousand Buddha Cliff, 484, Qixia Monastery, 棲霞寺千佛岩石窟 (Photo: X. Zhang, 2021; modified by T. Miller, 2021)",2021-04-18T10:52:26,qixiasi nanjing,,jpg,0,0,https://live.staticflickr.com/65535/51124228750_2130ae00d2_t.jpg,https://live.staticflickr.com/65535/51124228750_3936328d51_o.jpg,3024,4032
51116426121.jpg,51116426121,"Zhenru Monastery Buddhist Pagoda, 1999",0," Zhenru Buddhist Pagoda， Zhenru Monastery 真如寺真如佛塔, 1999, (Photo: B. Chen, 2021)",2021-04-03T16:03:41,zhenrusi pagoda,,jpg,0,0,https://live.staticflickr.com/65535/51116426121_6bb3d0528c_t.jpg,https://live.staticflickr.com/65535/51116426121_d7be9e367d_o.jpg,3024,4032
51115862497.jpg,51115862497,"Ceiling of Hidden Roof in the Zhenru Monastery great hall, 1320",0,"Hidden Roof in the Zhenru Monastery great hall 真如寺大殿隱藏式屋頂 Zhenru Monastery, 1320 (Photo: B. Chen, 2021)",2021-04-03T15:14:52,zhenru monastery zhenrusi,,jpg,0,0,https://live.staticflickr.com/65535/51115862497_72dfb73cdc_t.jpg,https://live.staticflickr.com/65535/51115862497_97f5f53a5d_o.jpg,3024,4032
51116426191.jpg,51116426191,Zhenru Monastery great hall,0,"Zhenru Monastery great hall 真如寺大殿, 1320 (Photo: B. Chen, 2021)",2021-04-03T15:12:04,zhenrusi,,jpg,0,0,https://live.staticflickr.com/65535/51116426191_6240b35b91_t.jpg,https://live.staticflickr.com/65535/51116426191_1c84c51ffe_o.jpg,3024,4032
51088823122.jpg,51088823122,"Dayun Cloister, Seven Treasures Pagoda",0,"Seven Treasures Pagoda 七寶塔, 954 CE (Photo T. Miller, 2019)",2019-05-28T11:52:16,dayunyuan shihuicun shanxi,,jpg,0,0,https://live.staticflickr.com/65535/51088823122_1fa25f557f_t.jpg,https://live.staticflickr.com/65535/51088823122_c24d493dc4_o.jpg,4000,6000
51088737641.jpg,51088737641,"Dayun Cloister, Seven Treasures Pagoda",0,"Seven Treasures Pagoda 七寶塔, 954 CE (Photo T. Miller, 2019)",2019-05-28T11:53:27,dayunyuan shihuicun shanxi,,jpg,0,0,https://live.staticflickr.com/65535/51088737641_6a3fb6243d_t.jpg,https://live.staticflickr.com/65535/51088737641_2175e3c959_o.jpg,4000,6000
51088823227.jpg,51088823227,"Dayun Cloister, Seven Treasures Pagoda",0,"Seven Treasures Pagoda 七寶塔, 954 CE (Photo T. Miller, 2019)",2019-05-28T11:53:06,dayunyuan shihuicun shanxi,,jpg,0,0,https://live.staticflickr.com/65535/51088823227_1edcb08bef_t.jpg,https://live.staticflickr.com/65535/51088823227_cf2084221b_o.jpg,4000,6000
51088737726.jpg,51088737726,"Dayun Cloister, Seven Treasures Pagoda",0,"Seven Treasures Pagoda 七寶塔, 954 CE (Photo T. Miller, 2019)",2019-05-28T11:53:01,dayunyuan shihuicun shanxi,,jpg,0,0,https://live.staticflickr.com/65535/51088737726_77b95afb22_t.jpg,https://live.staticflickr.com/65535/51088737726_b944461513_o.jpg,4000,6000
51089344660.jpg,51089344660,Foguangsi East Hall column top bracket set,0,"Great East Hall of Foguangsi, line drawing of column top bracket set showing huagong 華栱, guazigong 瓜子栱, mangong 慢栱, xia’ang 下昂, and linggong 令栱. (After: Ledderose, Ten Thousand Things, p. 108, modified by T. Miller)",2021-04-01T16:44:18,huagong guazigong mangong linggong xiaang,,jpg,0,0,https://live.staticflickr.com/65535/51089344660_bdf94f7a2d_t.jpg,https://live.staticflickr.com/65535/51089344660_48d1c78a83_o.jpg,2895,1917
51049169948.jpg,51049169948,"Amitabha Hall,DSC_0878",0," Amitabha Hall, Dayunyuan, Shihuicun, Shanxi",2019-05-28T12:06:36,dayunyuan amitabha hall shihuicun shanxi,,jpg,0,0,https://live.staticflickr.com/65535/51049169948_14a0804a2e_t.jpg,https://live.staticflickr.com/65535/51049169948_62876aa7c6_o.jpg,4000,6000
51049894526.jpg,51049894526,"Dayunyuan, Shihuicun, Shanxi",0,"Dayunyuan, Shihuicun, Shanxi",2019-05-28T11:50:20,dayunyuan shihuicun shanxi,,jpg,0,0,https://live.staticflickr.com/65535/51049894526_19bdfee848_t.jpg,https://live.staticflickr.com/65535/51049894526_8e1a7fd57e_o.jpg,4000,6000
50836687727.jpg,50836687727,"瓮城, 南京通济门",0,"Wengcheng, Tongji Gate, Nanjing 瓮城, 南京通济门(Photo: after Nanjing jianzhi zhi, 1994, 153, modified by T. Miller, 2021) ",2021-01-14T20:33:29,,,jpg,0,0,https://live.staticflickr.com/65535/50836687727_ae290dba23_t.jpg,https://live.staticflickr.com/65535/50836687727_d7a5304ea6_o.jpg,859,1250
50832220633.jpg,50832220633,武经总要中城制图,0,Wengcheng in the Chengzhi tu (Drawings of a standard/regular city wall) from the Wujing zongyao 武经总要中城制图 (Image: Siku quanshu edition 12.5; public domain),2007-06-07T09:27:03,,,jpg,0,0,https://live.staticflickr.com/65535/50832220633_ecd6b924b3_t.jpg,https://live.staticflickr.com/65535/50832220633_fd9e72942b_o.jpg,1835,2322
4027106971.jpg,4027106971,_DSC0041,0,"Longhua Monastery, bell tower 龍華寺鐘樓 (Photo: T. Miller, 2009)",2009-06-01T20:47:47,shanghai longhuasi,,jpg,0,0,https://live.staticflickr.com/2647/4027106971_6f2b699649_t.jpg,https://live.staticflickr.com/2647/4027106971_cb61fcf3c2_o.jpg,2592,3872
4027088707.jpg,4027088707,_DSC0009,0,"Longhuasi pagoda, 977 CE with 20th century restoration",2009-06-01T20:21:39,shanghai longhuasi,,jpg,0,0,https://live.staticflickr.com/2668/4027088707_5edfd05578_t.jpg,https://live.staticflickr.com/2668/4027088707_8baf3a410e_o.jpg,3872,2592
4027090349.jpg,4027090349,_DSC0013,0,,2009-06-01T20:25:56,shanghai longhuasi,,jpg,0,0,https://live.staticflickr.com/2588/4027090349_4d70b7530b_t.jpg,https://live.staticflickr.com/2588/4027090349_acb8b98901_o.jpg,2592,3872
4027848310.jpg,4027848310,_DSC0019,0,"Longhuasi pagoda, 977 CE, with 20th century restoration (Photo: T. Miller, 2009)",2009-06-01T20:30:21,shanghai longhuasi,,jpg,0,0,https://live.staticflickr.com/2458/4027848310_036df8a4c6_t.jpg,https://live.staticflickr.com/2458/4027848310_2fdcba43be_o.jpg,3872,2592
4027106385.jpg,4027106385,_DSC0040,0,,2009-06-01T20:47:41,shanghai longhuasi,,jpg,0,0,https://live.staticflickr.com/2426/4027106385_ee5d88e35b_t.jpg,https://live.staticflickr.com/2426/4027106385_24c477b46b_o.jpg,2592,3872
4027860080.jpg,4027860080,_DSC0038,0,Longhuasi gatehouse,2009-06-01T20:40:57,shanghai longhuasi,,jpg,0,0,https://live.staticflickr.com/2729/4027860080_8823926438_t.jpg,https://live.staticflickr.com/2729/4027860080_0fd36ff062_o.jpg,2592,3872
4027098913.jpg,4027098913,_DSC0030,0,Longhuasi pailou,2009-06-01T20:36:49,shanghai longhuasi,,jpg,0,0,https://live.staticflickr.com/2621/4027098913_8b4fea2046_t.jpg,https://live.staticflickr.com/2621/4027098913_39cb5d5570_o.jpg,2592,3872
4027850386.jpg,4027850386,_DSC0022,0,"Longhua Monastery, entrance memorial gateway 龍華寺大牌樓, Qing dynasty (Photo: T. Miller, 2009)",2009-06-01T20:31:56,shanghai longhuasi,,jpg,0,0,https://live.staticflickr.com/2675/4027850386_c55dce05b7_t.jpg,https://live.staticflickr.com/2675/4027850386_ff03628dd1_o.jpg,2592,3872
50357087141.jpg,50357087141,Yungang Cave 39,0,"Central pillar pagoda of Cave 39, Yungang Grottoes, showing an early lintel (mei 楣, lan'e 闌額, or yan'e 檐額), Northern Wei (Photo: Ding Boyi, 2018)",2020-09-18T15:19:32,,,jpg,0,0,https://live.staticflickr.com/65535/50357087141_0acdef1332_t.jpg,https://live.staticflickr.com/65535/50357087141_4a4bde9641_o.jpg,4608,3456
49982166353.jpg,49982166353,great hall showing chuan,0,"浙江諸暨斯宅村發祥居大廳 明間和次間梁架（攝影：王麗佳）Action of the &quot;chuan 穿“ in tie-beams. Timber structure in central and secondary bays, Faxiangju Hall, Sizhai Village, Zhuji, Zhejiang Province (Photo: Wang Lijia)",2020-06-07T19:48:50,,,jpg,0,0,https://live.staticflickr.com/65535/49982166353_c190e6b19c_t.jpg,https://live.staticflickr.com/65535/49982166353_4de9852478_o.jpg,1381,1124
49961867256.jpg,49961867256,Sui painted pottery house DSCN0373,0,"Painted pottery house showing chiwei 鴟尾, excavated from ruins of Sui-Tang period Luoyang. Sui dynasty (581-618), Henan Museum, Zhengzhou (photo T. Miller, 2013)",2013-06-19T21:52:54,zhengzhou museum chiwei,,jpg,0,0,https://live.staticflickr.com/65535/49961867256_3961a9470f_t.jpg,https://live.staticflickr.com/65535/49961867256_4568fdc7c9_o.jpg,3456,4608
49859722673.jpg,49859722673,Baiyu_gong_DSC0655,0,Baiyu Palace 白玉宮 general view of the Hall of the Three Transcendents/entrance into main cloister.,2010-06-28T03:35:35,,,jpg,0,0,https://live.staticflickr.com/65535/49859722673_dc290a9b0c_t.jpg,https://live.staticflickr.com/65535/49859722673_efdce3f9a7_o.jpg,2592,3872
49860362277.jpg,49860362277,Luohan Cloister 羅漢院_DSC0350,0,"Stone Pillar from Main Hall 正殿, Luohan Cloister 羅漢院, 10th century?",2011-05-25T02:26:50,,,jpg,0,0,https://live.staticflickr.com/65535/49860362277_30ddbd7d69_t.jpg,https://live.staticflickr.com/65535/49860362277_ae9498c49e_o.jpg,2592,3872
49859702776.jpg,49859702776,_DSC0582,0,"Back Hall 後殿, Baiyu Palace 白玉宮",2010-06-28T03:05:36,,,jpg,0,0,https://live.staticflickr.com/65535/49859702776_26f951e925_t.jpg,https://live.staticflickr.com/65535/49859702776_6856031a69_o.jpg,2592,3872
49859143118.jpg,49859143118,Baiyu gong_DSC0649,0,"Stage in Mountain Gate 山門, Baiyu Palace 白玉宮,  Post Qing (Republican Period, 1921)",2010-06-28T03:34:58,,,jpg,0,0,https://live.staticflickr.com/65535/49859143118_0e1b78a00a_t.jpg,https://live.staticflickr.com/65535/49859143118_de4463121c_o.jpg,2592,3872
49859652986.jpg,49859652986,Baiyu gong_DSC0551,0,"Main Hall 正殿, Baiyu Palace 白玉宮, 1212 CE, Jin dynasty",2010-06-28T03:00:45,,,jpg,0,0,https://live.staticflickr.com/65535/49859652986_7614e2c913_t.jpg,https://live.staticflickr.com/65535/49859652986_31543e6a2f_o.jpg,2592,3872
49859491381.jpg,49859491381,Baiyu gong_DSC0541,0," Hall of Three Transcendents 三仙殿, Baiyu Palace 白玉宮",2010-06-28T02:51:49,,,jpg,0,0,https://live.staticflickr.com/65535/49859491381_9f76b7ffb8_t.jpg,https://live.staticflickr.com/65535/49859491381_0f666b1d9c_o.jpg,2592,3872
49859799757.jpg,49859799757,Baiyu gong Mountain Gate_DSC0539,0,"Mountain Gate 山門, Baiyu Palace 白玉宮,  Post Qing (Republican Period, 1921)",2010-06-28T02:51:04,,,jpg,0,0,https://live.staticflickr.com/65535/49859799757_3686da64f0_t.jpg,https://live.staticflickr.com/65535/49859799757_acd7fff6a2_o.jpg,2592,3872
49842750558.jpg,49842750558,Lingyinsi Stone Pagoda 靈隱寺石塔 DSC0577,0,"Lingyinsi Stone Pagoda 靈隱寺石塔 (West pagoda?), photo TM 2015.",2015-05-26T03:22:37,,,jpg,0,0,https://live.staticflickr.com/65535/49842750558_f87300dca2_t.jpg,https://live.staticflickr.com/65535/49842750558_689bfbe155_o.jpg,2592,3872
49770079122.jpg,49770079122,DSC_0777,0,,2015-05-24T22:39:18,hangzhou liuhe pagoda liuheta 六和塔,,jpg,0,0,https://live.staticflickr.com/65535/49770079122_825491f08c_t.jpg,https://live.staticflickr.com/65535/49770079122_e4afe75ae1_o.jpg,2592,3872
49770078157.jpg,49770078157,DSC_0741,0,,2015-05-24T22:24:00,hangzhou liuhe pagoda liuheta 六和塔,,jpg,0,0,https://live.staticflickr.com/65535/49770078157_0cb98ac2ab_t.jpg,https://live.staticflickr.com/65535/49770078157_20d62c7e68_o.jpg,2592,3872
49769217363.jpg,49769217363,Liuhe (Six Harmonies) Pagoda DSC_0739,0,"Liuhe Pagoda 六和塔, exterior showing new renovation",2015-05-24T22:22:18,hangzhou liuhe pagoda liuheta 六和塔,,jpg,0,0,https://live.staticflickr.com/65535/49769217363_4240cc9a6c_t.jpg,https://live.staticflickr.com/65535/49769217363_d955c5a1d5_o.jpg,2592,3872
49769751131.jpg,49769751131,Liuhe (Six Harmonies) Pagoda 六和塔 DSC_0735,0,"Liuhe Pagoda 六和塔, exterior showing restored timber eaves and gallery",2015-05-24T22:20:06,hangzhou liuhe pagoda liuheta 六和塔,,jpg,0,0,https://live.staticflickr.com/65535/49769751131_deff9345b0_t.jpg,https://live.staticflickr.com/65535/49769751131_34f557ec8f_o.jpg,2592,3872
49782525677.jpg,49782525677,Lingyinsi 靈隱寺 DSC_0466,0,"Lingyinsi east stone pagoda, detail of cusped doorway",2015-05-26T03:05:28,,,jpg,0,0,https://live.staticflickr.com/65535/49782525677_b7a298c18c_t.jpg,https://live.staticflickr.com/65535/49782525677_c5435ce468_o.jpg,2592,3872
49774706511.jpg,49774706511,Lingyinsi 靈隱寺 DSC_0366,0,Lingyin Monastery 靈隱寺; Entrance to scenic area,2015-05-26T02:33:05,,,jpg,0,0,https://live.staticflickr.com/65535/49774706511_d80db334d5_t.jpg,https://live.staticflickr.com/65535/49774706511_ee6d4d8c6a_o.jpg,2592,2567
49769217278.jpg,49769217278,Liuhe Pagoda Entrance DSC_0734,0,Modern entrance at stairway to site,2015-05-24T22:17:20,hangzhou liuhe pagoda liuheta 六和塔,,jpg,0,0,https://live.staticflickr.com/65535/49769217278_47dc75607a_t.jpg,https://live.staticflickr.com/65535/49769217278_aea0256b88_o.jpg,2592,3872
49766148096.jpg,49766148096,Suzhou Luohan Cloister main hall,0,"main hall, remains of stone columns",2011-05-25T01:48:40,,,jpg,0,0,https://live.staticflickr.com/65535/49766148096_5102108039_t.jpg,https://live.staticflickr.com/65535/49766148096_7f44ae8917_o.jpg,2592,3872
49728849748.jpg,49728849748,DSC_0384,0,"Kaobaosi (Youguosi) Pagoda, 1049; photo: T Miller",2013-06-23T03:01:39,,,jpg,0,0,https://live.staticflickr.com/65535/49728849748_9c4e4d665f_t.jpg,https://live.staticflickr.com/65535/49728849748_945c2fda99_o.jpg,2592,3872
49728732721.jpg,49728732721,Lingyinsi 靈隱寺_DSC0393,0,"Lingyinsi 靈隱寺, signboard; Photo: T Miller 2015",2015-05-26T02:44:50,,,jpg,0,0,https://live.staticflickr.com/65535/49728732721_9355ea4963_t.jpg,https://live.staticflickr.com/65535/49728732721_bb5cef4815_o.jpg,2592,3872
49729022252.jpg,49729022252,Lingyinsi Stone Pagoda 靈隱寺石塔 DSC_0517,0,"Lingyinsi Stone Pagoda 靈隱寺石塔 (West); Photo: T Miller, 2015",2015-05-26T03:13:31,,,jpg,0,0,https://live.staticflickr.com/65535/49729022252_3ba543bda5_t.jpg,https://live.staticflickr.com/65535/49729022252_699e412b10_o.jpg,2592,3872
49728697871.jpg,49728697871,Lingyinsi Stone Pagoda 靈隱寺石塔  (East) DSC_0513,0,Lingyinsi Stone Pagoda 靈隱寺石塔  (East); Photo: T Miller 2015,2015-05-26T03:11:38,,,jpg,0,0,https://live.staticflickr.com/65535/49728697871_e8287e68f0_t.jpg,https://live.staticflickr.com/65535/49728697871_69c17ef16a_o.jpg,2592,3872
49707088808.jpg,49707088808,"影作木構 (yingzuo mugou), Songyuesi pagoda reliquary chamber, 8th cen. CE (photo: Zhuge Jing, 2008)",0,,2008-08-09T16:53:45,,,jpg,0,0,https://live.staticflickr.com/65535/49707088808_feef90fab8_t.jpg,https://live.staticflickr.com/65535/49707088808_bc0ce9b825_o.jpg,2832,4256
49698489772.jpg,49698489772,Liuheta & Kaihuasi panel at siteDSC_0838,0,,2015-05-25T00:13:46,六和塔 開化寺 hangzhou kaihuasi,,jpg,0,0,https://live.staticflickr.com/65535/49698489772_e18f26717c_t.jpg,https://live.staticflickr.com/65535/49698489772_56550d9c5c_o.jpg,2592,3872
5757834499.jpg,5757834499,"Twin pagodas, Luohanyuan, Suzhou, 北宋太平兴国七年（982年) heavily restored _DSC0359",0,,2011-05-25T02:29:14,,,jpg,0,0,https://live.staticflickr.com/3276/5757834499_eeea1ce6e8_t.jpg,https://live.staticflickr.com/3276/5757834499_e994b095b3_o.jpg,2592,3872
3972914088.jpg,3972914088,Jiyuan Jidumiao Qingong 973_DSC0387,0,,2009-08-09T23:13:46,,,jpg,35.109447,112.576389,https://live.staticflickr.com/3476/3972914088_8258105e9d_t.jpg,https://live.staticflickr.com/3476/3972914088_05e90d21af_o.jpg,2592,3872
49597750826.jpg,49597750826,"Dragon Pavilion, Jiyuan Temple, 簷額, Photo: Zhuge Jing (?), 2016",0,,2016-08-02T15:55:04,jiyuan temple,,jpg,0,0,https://live.staticflickr.com/65535/49597750826_f23bf43a6c_t.jpg,https://live.staticflickr.com/65535/49597750826_30650988cf_o.jpg,3456,5184
49597166583.jpg,49597166583,"Foguangsi East Hall showing pillar top tie beam 蘭額, photo: Ding Boyi, 2018",0,OLYMPUS DIGITAL CAMERA,2018-07-09T10:03:06,,,jpg,0,0,https://live.staticflickr.com/65535/49597166583_8575ccfaa3_t.jpg,https://live.staticflickr.com/65535/49597166583_b825cfbe42_o.jpg,3325,4435
49597662926.jpg,49597662926,"Jinci Sage Mother Hall (1038-1087), showing lan'e 蘭額, photo: Zhuge Jing, 2009",0,,2009-09-22T07:30:52,,,jpg,0,0,https://live.staticflickr.com/65535/49597662926_36efbaf3bb_t.jpg,https://live.staticflickr.com/65535/49597662926_dfa62cc1ac_o.jpg,4256,2832
49596730237.jpg,49596730237,"Moni Hall, Longxingsi 隆興寺，摩尼殿 （1052）(Photo: Tracy Miller, 2008)",0,,2008-04-03T23:11:52,,,jpg,0,0,https://live.staticflickr.com/65535/49596730237_c08c53d80d_t.jpg,https://live.staticflickr.com/65535/49596730237_219941db63_o.jpg,2736,3648
49522180348.jpg,49522180348,ATTCAT Fig01_cross beams,0,"diagrams showing liang 梁, fu 栿, fang 枋 , and forehead tie beams 額 ; drawing: Zhuge Jing after Liu Dunzhen",2020-01-06T06:42:18,,,jpg,0,0,https://live.staticflickr.com/65535/49522180348_cebae2d463_t.jpg,https://live.staticflickr.com/65535/49522180348_5a681eddb8_o.jpg,5925,3819
49494518116.jpg,49494518116,Figure01_corner pillars and leveling pillars_Foguangsi_Ding Boyi,0,"Foguang Monastery East Hall 佛光寺東大殿, 857CE; photo: Ding Boyi",2018-07-09T10:03:06,,,jpg,0,0,https://live.staticflickr.com/65535/49494518116_b20f5a60e4_t.jpg,https://live.staticflickr.com/65535/49494518116_2b51c1dae1_o.jpg,3325,4435
49493824338.jpg,49493824338,Figure02_corner pillar and leveling pillars_Shengmu hall Jinci,0,"Sage Mother Hall, Jinci 晉祠聖母殿 (1038-1087), corner and leveling pillars 角柱，平柱; photo: Zhuge Jing, 2009",2009-09-22T07:11:45,,,jpg,0,0,https://live.staticflickr.com/65535/49493824338_7a433fd40f_t.jpg,https://live.staticflickr.com/65535/49493824338_63bf26312d_o.jpg,2832,4256
49480387843.jpg,49480387843,wadanggoutou,0,"Yangquan Guanwangmiao, likely new banwa 板瓦 and wadang 瓦當 roofing tiles. Another term for wadang is goutou 勾頭. ",2010-07-30T22:36:44,,,jpg,0,0,https://live.staticflickr.com/65535/49480387843_25db5fffd9_t.jpg,https://live.staticflickr.com/65535/49480387843_f43535bc21_o.jpg,950,1475
49480405796.jpg,49480405796,Illustration02_Lan'e_Jinci Shengmudian_Zhuge Jing,0,"Sage Mother Hall, 11th century(1038-1087), photo: Zhuge Jing",2009-09-22T07:30:52,,,jpg,0,0,https://live.staticflickr.com/65535/49480405796_779b9c115e_t.jpg,https://live.staticflickr.com/65535/49480405796_82d76f3c53_o.jpg,4256,2832
49479025947.jpg,49479025947,Illustration01_Lan'e_Foguangsi_Ding Boyi,0,"Foguang Monastery East Hall, Tang dynasty (857 CE), Photo: Ding Boyi",2018-07-09T10:03:06,foguangmonasteryeasthall photodingboyi,,jpg,0,0,https://live.staticflickr.com/65535/49479025947_31d8607448_t.jpg,https://live.staticflickr.com/65535/49479025947_64d86dc846_o.jpg,3325,4435
49434252868.jpg,49434252868,Fig02_T beam_Shengmu hall in Jinci,0,"T beam or dingfu as found in the Sage Mother Hall, Jinci. Image credit: Zhuge Jing, 2020",2020-01-06T13:30:46,dingfu tbeam sagemotherhall jinci,,jpg,0,0,https://live.staticflickr.com/65535/49434252868_a8940fa4e0_t.jpg,https://live.staticflickr.com/65535/49434252868_8522736389_o.jpg,4833,9000
47845934322.jpg,47845934322,"Battlements 堞, Nanjing city wall, Ming dynasty 明南京内城城墙 (photo: JIA Tingli 賈亭立, 2009)",2,,2009-07-24T13:59:18,,,jpg,0,0,https://live.staticflickr.com/65535/47845934322_c447975ae2_t.jpg,https://live.staticflickr.com/65535/47845934322_bf73e0e339_o.jpg,2240,1488
47814614181.jpg,47814614181,"YZFS 31 附1b (中國書店, 1989 ed.) 閣殿地盤分槽第十",0,,2019-05-09T19:22:46,,,jpg,0,0,https://live.staticflickr.com/65535/47814614181_99d129a44c_t.jpg,https://live.staticflickr.com/65535/47814614181_fd14554201_o.jpg,3265,2755
46981817425.jpg,46981817425,"Meridian gate, Nanjing palace wall, Ming dynasty 明南京宫城午門 (photo:  JIA Tingli 賈亭立, 2009)",2,,2009-09-19T14:20:38,nanjing city wall,,jpg,0,0,https://live.staticflickr.com/65535/46981817425_6e666576d5_t.jpg,https://live.staticflickr.com/65535/46981817425_dc7f1540f0_o.jpg,1944,2592
40850661633.jpg,40850661633,"YZFS 34.16b (中國書店, 1989 ed.) 影作 yingzuo personal photograph from my copy of the YZFS",0,,2019-05-10T05:30:39,,,jpg,0,0,https://live.staticflickr.com/65535/40850661633_e23a448131_t.jpg,https://live.staticflickr.com/65535/40850661633_66143af954_o.jpg,3204,2769
40848169453.jpg,40848169453,"YZFS 31 附1a (中國書店, 1989 ed.) 閣殿地盤分槽第十",0,,2019-05-09T19:20:46,,,jpg,0,0,https://live.staticflickr.com/65535/40848169453_a75b6c1b06_t.jpg,https://live.staticflickr.com/65535/40848169453_871d3fe958_o.jpg,3352,2707
33939906558.jpg,33939906558,"YZFS 34.16a (中國書店, 1989 ed.) 影作 yingzuo",0,,2019-05-10T05:33:59,,,jpg,0,0,https://live.staticflickr.com/65535/33939906558_08712997f3_t.jpg,https://live.staticflickr.com/65535/33939906558_89dabd6fde_o.jpg,3345,2859
4898999262.jpg,4898999262,Yangquan Guanwangmiao new roof tiles,0,"banwa 板瓦 (far left) and wadang 瓦當 ( center and right) roof tiles at Yangquan Guanwangmiao. These are probably new tiles produced for the renovation, photo taken in 2010; IMG025.jpg",2010-07-30T22:36:44,geotagged shanxi 1122 yangquan geo:tool=houdahgeo geo:lat=37920667 geo:lon=113619667 guanwangmiao linlicun northernsongperiod,geo:tool=houdahgeo geo:lat=37920667 geo:lon=113619667,jpg,0,0,https://live.staticflickr.com/4076/4898999262_dc9253f6cd_t.jpg,https://live.staticflickr.com/4076/4898999262_11e0a6528d_o.jpg,1397,2048
