qid,label_en,description_en,instance_of_uuid,instance_of,published_uuid,published_nodeId,published_val,published_prec,published_ref1_hash,published_ref1_referenceUrl,published_ref1_retrieved_nodeId,published_ref1_retrieved_val,published_ref1_retrieved_prec,title_en_uuid,title_en,title_en_ref1_hash,title_en_ref1_referenceUrl,title_en_ref1_retrieved_nodeId,title_en_ref1_retrieved_val,title_en_ref1_retrieved_prec,partOf_uuid,partOf,partOf_ref1_hash,partOf_ref1_referenceUrl,partOf_ref1_retrieved_nodeId,partOf_ref1_retrieved_val,partOf_ref1_retrieved_prec,fullWork_uuid,fullWork,publisher_uuid,publisher,publisher_ref1_hash,publisher_ref1_referenceUrl,publisher_ref1_retrieved_nodeId,publisher_ref1_retrieved_val,publisher_ref1_retrieved_prec,license_uuid,license,license_ref1_hash,license_ref1_referenceUrl,license_ref1_retrieved_nodeId,license_ref1_retrieved_val,license_ref1_retrieved_prec
Q111979579,TDWG Standards Documentation Specification,document that defines how TDWG standards are to be presented,1117E2B4-C7CC-4B25-8778-7373199939F1,Q20819677,FD9EDBB9-72A2-436A-A312-02355E22BAB8,e4775e82-add3-4a7b-88b4-5a79340998a0,2017-04-25T00:00:00Z,11,c01636c47c7673f464c5325b2d3db3949e8c4b4e,http://www.tdwg.org/standards/147,3936ce06-a1f4-4781-9aec-3b9ee2672b26,2022-05-12T00:00:00Z,11,9AB02398-637D-440F-8171-EA3AF39FEF1B,Standards Documentation Specification,c01636c47c7673f464c5325b2d3db3949e8c4b4e,http://www.tdwg.org/standards/147,df122262-fb5a-4876-8999-6e31efab32ef,2022-05-12T00:00:00Z,11,8377CAC8-304C-4B77-BDD9-22083FCE7A45,Q111977342,c01636c47c7673f464c5325b2d3db3949e8c4b4e,http://www.tdwg.org/standards/147,63026097-195f-40b8-957e-ae5f57092ba0,2022-05-12T00:00:00Z,11,BCD3A7F2-07DB-4EA5-BB4A-AB458785C7F8,http://rs.tdwg.org/sds/doc/specification/,055D72FF-6BC8-48CF-BC4B-423104E088AD,Q4914768,c01636c47c7673f464c5325b2d3db3949e8c4b4e,http://www.tdwg.org/standards/147,dfd018ac-8bdd-4a0e-b987-b17e462dddf8,2022-05-12T00:00:00Z,11,A63BDFFC-3D4A-4457-9362-1113CE8F7266,Q20007257,be5865a9885d672e6df53e08a9a293d194fd1334,http://rs.tdwg.org/sds/doc/specification/,f913d53d-00e2-42df-a33f-e007f4e40b47,2022-05-12T00:00:00Z,11
Q111979580,TDWG Vocabulary Maintenance Specification,document that describes the processes used to modify TDWG vocabularies and their associated documents,65830477-2E4D-4E26-A9BE-CD274B096729,Q20819677,BB82962C-7D5F-4264-ABD2-76A09FD3D33E,3d3a2518-1763-46bb-917b-6485d9eb1b1a,2017-04-25T00:00:00Z,11,4329f226e6afc3a95448ba57ef5f57800b21b728,http://www.tdwg.org/standards/642,125fbe0f-631f-4fd3-9b12-0878ff5c9b15,2022-05-12T00:00:00Z,11,3F3AB984-D452-46A4-BB90-312E3534A698,Vocabulary Maintenance Specification,4329f226e6afc3a95448ba57ef5f57800b21b728,http://www.tdwg.org/standards/642,96bb3fc1-bc63-4b97-b27f-de69ab849ed1,2022-05-12T00:00:00Z,11,AD7583F9-B786-4A3F-86C8-79B38CA9C3A7,Q111977343,4329f226e6afc3a95448ba57ef5f57800b21b728,http://www.tdwg.org/standards/642,95430ffe-015c-4eef-8d97-cadee3398122,2022-05-12T00:00:00Z,11,E666FF69-6ECB-4707-A00B-4E9CBFD01D20,http://rs.tdwg.org/vms/doc/specification/,D13FFB52-FD2C-4800-8ED9-7C1D20CA4673,Q4914768,4329f226e6afc3a95448ba57ef5f57800b21b728,http://www.tdwg.org/standards/642,02317e23-fef0-44ac-92ee-2939cd1e5fa3,2022-05-12T00:00:00Z,11,28C04B55-8F67-4050-A6C1-F73461CB2FAA,Q20007257,da5d7bf45a252a951460dbf7db32b0567cc9f9bf,http://rs.tdwg.org/vms/doc/specification/,18bc69d6-6771-4a0a-ae47-13f1c14a9a73,2022-05-12T00:00:00Z,11
Q111979582,Audubon Core Term List,contains a list of attributes of each Audubon Core term,3AC36FCF-E9C3-4FC8-9CB0-8C1F95895A93,Q20819677,D9E3BD1A-E4E2-411E-87E9-DD98E0353E27,f519bd88-580d-4bf1-95b9-9076a77c710f,2021-10-05T00:00:00Z,11,254d550729e81a9bade9ca5ceab2e9a470daba8c,http://www.tdwg.org/standards/638,613390c3-b3d6-4e47-afb6-9be66ef23f9d,2022-05-12T00:00:00Z,11,524E4A9F-F125-4538-BC1C-AF6948105C42,Audubon Core Term List,254d550729e81a9bade9ca5ceab2e9a470daba8c,http://www.tdwg.org/standards/638,aef37ccd-f1c9-4979-af92-4692919f1dbd,2022-05-12T00:00:00Z,11,644EEB21-07F0-4306-AFAD-DD440722C610,Q51883861,254d550729e81a9bade9ca5ceab2e9a470daba8c,http://www.tdwg.org/standards/638,7b101731-fd47-4821-9a8f-2374e3f4284b,2022-05-12T00:00:00Z,11,15C75F5B-FB7D-46C5-9E25-F513D0491A05,http://rs.tdwg.org/ac/doc/termlist/,B6C94AE2-6CE3-4235-AFE2-8DC28E7E7ECA,Q4914768,254d550729e81a9bade9ca5ceab2e9a470daba8c,http://www.tdwg.org/standards/638,7803c7e4-0350-4f69-a01c-5448a39124eb,2022-05-12T00:00:00Z,11,9FED70AD-2D18-44CA-B0CD-46FD564507CD,Q20007257,a9b904ff94bc5154562775a5b26a092be0a738a7,http://rs.tdwg.org/ac/doc/termlist/,43220a55-931b-4454-8e60-5ad07dba6a1c,2022-05-12T00:00:00Z,11
Q111979583,Audubon Core Structure,material introductory to the Audubon Core Term List,A649ADFD-48AD-4DFC-9E0E-63BA5C960584,Q20819677,7D4B564F-468D-4C21-96A1-D4B47FD0B4C3,b012c713-6d83-4ad2-9b67-245414ade6c1,2021-10-05T00:00:00Z,11,254d550729e81a9bade9ca5ceab2e9a470daba8c,http://www.tdwg.org/standards/638,236a7369-5e59-4093-8694-df1e4b0abf1f,2022-05-12T00:00:00Z,11,0EED9910-632A-49B0-AD1B-D092AE442E02,Audubon Core Structure,254d550729e81a9bade9ca5ceab2e9a470daba8c,http://www.tdwg.org/standards/638,10889e62-8d10-41e3-bb4a-d4187b9ac4a2,2022-05-12T00:00:00Z,11,273028FD-7D6B-4C57-8A42-E90BB38104D5,Q51883861,254d550729e81a9bade9ca5ceab2e9a470daba8c,http://www.tdwg.org/standards/638,160160c0-3839-4d4b-8088-966ba2993106,2022-05-12T00:00:00Z,11,A082B206-BB52-4469-AD68-D2E71DEF012B,http://rs.tdwg.org/ac/doc/structure/,AC0EFA06-BA89-4BFB-A0A8-77640D904A9B,Q4914768,254d550729e81a9bade9ca5ceab2e9a470daba8c,http://www.tdwg.org/standards/638,44083c97-5c2f-4419-99e1-cc2ff50639d5,2022-05-12T00:00:00Z,11,8FC23929-A2F4-4C61-8123-5DE5167599A0,Q20007257,54afb0810df708b9b3c2a25b36f88b5b1204f759,http://rs.tdwg.org/ac/doc/structure/,0e62a456-18dd-4f79-a834-6c814cb28f83,2022-05-12T00:00:00Z,11
Q111979584,Audubon Core Introduction,an introduction to the Audubon Core standard,E41292EA-121D-4E0F-B7C3-A2F1ADD485A2,Q20819677,B6D5DB80-0DD2-4243-AEE4-1451D2991FB1,112d48b3-257e-48b9-8164-6ba31e8e0cf3,2013-10-23T00:00:00Z,11,254d550729e81a9bade9ca5ceab2e9a470daba8c,http://www.tdwg.org/standards/638,4cb1d394-a043-4bc7-8794-116dc3d8cc1f,2022-05-12T00:00:00Z,11,3F20FE7E-765B-470C-8194-C81CA1A565DD,Audubon Core Introduction,254d550729e81a9bade9ca5ceab2e9a470daba8c,http://www.tdwg.org/standards/638,c74663ba-e27a-49ba-b3c4-c8e9a053bd69,2022-05-12T00:00:00Z,11,96D5C019-77C9-46C6-B658-FEC5087B4A73,Q51883861,254d550729e81a9bade9ca5ceab2e9a470daba8c,http://www.tdwg.org/standards/638,f14c8481-ccd7-49d5-96e7-0039328ccd5d,2022-05-12T00:00:00Z,11,E8EAD0F1-0B31-435D-9AEE-B797CA16FA49,http://rs.tdwg.org/ac/doc/introduction/,1633631E-8C37-4966-9669-D023A6BE188D,Q4914768,254d550729e81a9bade9ca5ceab2e9a470daba8c,http://www.tdwg.org/standards/638,d3f1faa0-3426-47f7-9088-c640f0537980,2022-05-12T00:00:00Z,11,162DC2F7-C77F-4CDA-8EB2-E8D27995401D,Q20007257,d1dc511708b5de545278a7349974ca49e43b41fb,http://rs.tdwg.org/ac/doc/introduction/,3cbdb250-368f-46f5-8514-4a0b59123d2f,2022-05-12T00:00:00Z,11
Q111979586,Audubon Core Guide,non-normative user guide for the Audubon Core standard,64142FF6-F1C0-459C-9FAD-DDB7DF800D9F,Q20819677,CB8A8887-8A79-43A1-8FB2-F742650EF0AC,7a572a97-042a-45aa-b8bf-43dc2bf20d24,2013-10-15T00:00:00Z,11,254d550729e81a9bade9ca5ceab2e9a470daba8c,http://www.tdwg.org/standards/638,04de0072-510d-401a-b363-ae32e384b008,2022-05-12T00:00:00Z,11,E3206D7A-1C45-4D7B-92EC-4772B24E52B4,Audubon Core Guide,254d550729e81a9bade9ca5ceab2e9a470daba8c,http://www.tdwg.org/standards/638,1ef980b2-b646-4ea8-a1fd-0e08299be269,2022-05-12T00:00:00Z,11,E8FA4853-E74D-4205-A5A5-DF9AF61AB14A,Q51883861,254d550729e81a9bade9ca5ceab2e9a470daba8c,http://www.tdwg.org/standards/638,fd3e11fe-2835-4939-b2cc-6820fc062486,2022-05-12T00:00:00Z,11,6FD2A25C-26B2-43F8-A65A-638468FE6F18,http://rs.tdwg.org/ac/doc/guide/,72DDB783-113C-4042-87F9-016622EB0B2E,Q4914768,254d550729e81a9bade9ca5ceab2e9a470daba8c,http://www.tdwg.org/standards/638,1e22efa9-95be-4ab7-a884-26b6fbe18acc,2022-05-12T00:00:00Z,11,511DEEEA-70F1-4665-8151-0A2E1B421D8C,Q20007257,1f1fb26232695c5f1f04efcc38efb53fd75532aa,http://rs.tdwg.org/ac/doc/guide/,32d2b26f-6773-4738-aa3d-1a518c204654,2022-05-12T00:00:00Z,11
Q111979587,Controlled Vocabulary for Dublin Core format: List of Terms,controlled vocabulary provides values for dc:format and dcterms:format,E454A9A0-1766-40AA-B600-899C246F5531,Q20819677,B1D5088D-4DD8-47A3-BB4B-45D421F88EED,c79b8d36-400d-4034-b1d2-06928631b31c,2020-10-13T00:00:00Z,11,254d550729e81a9bade9ca5ceab2e9a470daba8c,http://www.tdwg.org/standards/638,d6c50352-1d0a-49db-8f40-5773b376288f,2022-05-12T00:00:00Z,11,6AEF2BBB-3C1E-432F-96CD-03729DF0159A,Controlled Vocabulary for Dublin Core format: List of Terms,254d550729e81a9bade9ca5ceab2e9a470daba8c,http://www.tdwg.org/standards/638,26afc64d-1c43-485c-aec1-f87e73603af4,2022-05-12T00:00:00Z,11,0661859F-5F89-4E8D-AFEB-E607319D205F,Q51883861,254d550729e81a9bade9ca5ceab2e9a470daba8c,http://www.tdwg.org/standards/638,7390bbfe-bdd8-43e3-85d6-59ac979db00e,2022-05-12T00:00:00Z,11,AD06B53E-1B62-4AAB-981A-C43461CABC61,http://rs.tdwg.org/ac/doc/format/,77069300-B4DB-484F-87B1-2D0860142076,Q4914768,254d550729e81a9bade9ca5ceab2e9a470daba8c,http://www.tdwg.org/standards/638,b230efa6-78d2-4a8c-8128-6ca7cb134cd4,2022-05-12T00:00:00Z,11,9FEC9AFC-8118-4B35-9C2E-1267540011F3,Q20007257,999ba258b63f465f2ca0c24a1a40f367b200db27,http://rs.tdwg.org/ac/doc/format/,cebb94dc-afa2-4d86-8ff7-e95569127871,2022-05-12T00:00:00Z,11
Q111979589,Controlled Vocabulary for Audubon Core subtype: List of Terms,controlled vocabulary provides values for ac:subtype and ac:subtypeLiteral.,4AFE567D-6E70-4B81-AB12-38760D514B3B,Q20819677,E6B74467-87D8-4916-9899-D9C973F5646E,3c4211c6-f778-4711-b6e3-81e64de885e3,2020-10-13T00:00:00Z,11,254d550729e81a9bade9ca5ceab2e9a470daba8c,http://www.tdwg.org/standards/638,621df338-a00c-4ed9-972e-a98b18765568,2022-05-12T00:00:00Z,11,8BF611C4-E8CE-4F77-9CB0-078EBF6F1414,Controlled Vocabulary for Audubon Core subtype: List of Terms,254d550729e81a9bade9ca5ceab2e9a470daba8c,http://www.tdwg.org/standards/638,1c74b722-a046-443d-9e3a-e160e7008ee4,2022-05-12T00:00:00Z,11,C841F4EE-B0F2-4DE9-A23C-9BE35C2021D9,Q51883861,254d550729e81a9bade9ca5ceab2e9a470daba8c,http://www.tdwg.org/standards/638,f4657b18-1d25-4c6b-a194-04b55f0f4f12,2022-05-12T00:00:00Z,11,965C8AA2-2E98-4215-BF6E-79088D89B71A,http://rs.tdwg.org/ac/doc/subtype/,BD643A19-B6AE-460D-878A-287E2A9CDCFD,Q4914768,254d550729e81a9bade9ca5ceab2e9a470daba8c,http://www.tdwg.org/standards/638,df8483f3-2764-47df-b175-04c672531c04,2022-05-12T00:00:00Z,11,B4449287-9399-454C-AE21-FB70E505083E,Q20007257,d31d06a9ed55d2cfd72e0ce067247498e8db01a0,http://rs.tdwg.org/ac/doc/subtype/,7f52adc5-d9ad-467a-abe0-a64617c8f79d,2022-05-12T00:00:00Z,11
Q111979590,Controlled Vocabulary for Audubon Core variant: List of Terms,controlled vocabulary provides values for those ac:variant and ac:variantLiteral,D7D4998D-014D-44D7-9C7C-F522FF3DB419,Q20819677,2DAEE722-7975-413E-ADC0-B55C38C3F23D,e5a26951-53f7-4319-bb32-c985e2c6b51b,2020-10-13T00:00:00Z,11,254d550729e81a9bade9ca5ceab2e9a470daba8c,http://www.tdwg.org/standards/638,2d1cf918-28a6-4d0c-8358-c16c93a634d4,2022-05-12T00:00:00Z,11,58878D47-226E-45DC-AF8E-BCA1EE373BCB,Controlled Vocabulary for Audubon Core variant: List of Terms,254d550729e81a9bade9ca5ceab2e9a470daba8c,http://www.tdwg.org/standards/638,468daf75-2991-4a82-b34a-3bb961f4c983,2022-05-12T00:00:00Z,11,210A103C-719D-4DDF-8BE2-D14C9217C812,Q51883861,254d550729e81a9bade9ca5ceab2e9a470daba8c,http://www.tdwg.org/standards/638,c20e0cc6-68cd-43e9-a77b-96f9da3b3fd6,2022-05-12T00:00:00Z,11,4DA58814-D66A-4C07-8C12-44B57E83758F,http://rs.tdwg.org/ac/doc/variant/,19D45FB3-7B9F-48F9-B9B2-183D65F7342C,Q4914768,254d550729e81a9bade9ca5ceab2e9a470daba8c,http://www.tdwg.org/standards/638,dd8738fe-909a-4a1d-8192-25d847eb6cc5,2022-05-12T00:00:00Z,11,6625D982-EAC3-4DFE-BABC-3166EACB4A65,Q20007257,6a99b8d3b055f631d7c97b2e6bdf46cfd9754af0,http://rs.tdwg.org/ac/doc/variant/,46d15108-c773-4c81-8aed-ffbdcf19799b,2022-05-12T00:00:00Z,11
Q111979591,Globally Unique Identifiers Applicability Statement,provides guidance on how to use GUIDs (Globally Unique Identifiers) to meet specific requirements of the biodiversity information community,A08FD8D6-0C9A-4A12-B48E-70F2EAEA409D,Q20819677,D2F4375D-4827-4745-9401-F9458868FE84,05265a71-73b6-4814-8a96-578dd3ffcf36,2010-09-09T00:00:00Z,11,20700fa464091f904c27c2acee71a2aef2a40f38,http://www.tdwg.org/standards/150,bb7bc60c-d91c-481f-ab7b-979b6e4f4967,2022-05-12T00:00:00Z,11,98D00849-AC29-4E58-A231-4F9DEBFD9267,Globally Unique Identifiers Applicability Statement,20700fa464091f904c27c2acee71a2aef2a40f38,http://www.tdwg.org/standards/150,b6701ab9-2144-4b3a-a752-b155ae6d843f,2022-05-12T00:00:00Z,11,45C0E60C-C72D-4966-8921-C3A764F0B8A4,Q51883899,20700fa464091f904c27c2acee71a2aef2a40f38,http://www.tdwg.org/standards/150,ef1748cd-ca67-4f1e-b3cf-f8756c09a3a2,2022-05-12T00:00:00Z,11,38B1C66E-0B8F-4E24-8D67-1E1E7B4BB2AE,http://rs.tdwg.org/guid/doc/guidas/,A2662B9C-82A3-4C76-8CF0-F3F66B3852F4,Q4914768,20700fa464091f904c27c2acee71a2aef2a40f38,http://www.tdwg.org/standards/150,1ab0eb10-8109-43a0-8477-59c9a9339884,2022-05-12T00:00:00Z,11,2381E598-DC71-4C72-BE72-CF5322017F0F,Q20007257,a48976a1677fa63ef636a3a301cb8513623c84b7,http://rs.tdwg.org/guid/doc/guidas/,c7fb06d1-015c-47b0-8047-3f2c1082c81a,2022-05-12T00:00:00Z,11
Q111979593,Life Sciences Identifiers (LSID) Applicability Statement,provides guidance on how to use LSID to meet specific requirements of the biodiversity information community,816477B9-2EF2-41D9-BAEC-56404459AD66,Q20819677,E4BFA6DA-E3DD-47B7-9EBA-306B8D992FAA,580f34e9-5f1c-4b08-95bc-40e755a192aa,2009-09-03T00:00:00Z,11,20700fa464091f904c27c2acee71a2aef2a40f38,http://www.tdwg.org/standards/150,2a15c619-7df8-4153-b0d5-3226c501f4d3,2022-05-12T00:00:00Z,11,AC5B1A89-52A5-49E4-BAA4-D283E6CF2F22,Life Sciences Identifiers (LSID) Applicability Statement,20700fa464091f904c27c2acee71a2aef2a40f38,http://www.tdwg.org/standards/150,0c4c8a25-7851-4545-9d79-db0a4b599d17,2022-05-12T00:00:00Z,11,98888B4A-8D97-4CBB-8AA9-7727D8E50AD4,Q51883899,20700fa464091f904c27c2acee71a2aef2a40f38,http://www.tdwg.org/standards/150,4a35d45a-0505-4eaa-96b6-5b661d092cb1,2022-05-12T00:00:00Z,11,ECDD136A-57FD-4255-B9E5-34FF83670648,http://rs.tdwg.org/guid/doc/lsidas/,74CFCA3E-65DA-4F0C-A6FA-8B89578990D0,Q4914768,20700fa464091f904c27c2acee71a2aef2a40f38,http://www.tdwg.org/standards/150,3e4ba73e-c992-4348-97f7-a82435ea6e80,2022-05-12T00:00:00Z,11,F81AE923-7729-475D-BA83-10C9B2BF8376,Q20007257,c8c3fd4e1318abe48cddf664919e52e136be7a3e,http://rs.tdwg.org/guid/doc/lsidas/,9d1c86fd-31e0-4312-b742-1ac2b3acf484,2022-05-12T00:00:00Z,11
Q111979594,Darwin Core RDF Guide,facilitates the use of Darwin Core terms in the Resource Description Framework (RDF),176364C6-C138-451A-B100-8E041C4AC8E4,Q20819677,8758E1FD-5D11-4F37-B871-55028F7896AC,029a299f-3e4b-4d02-a6ec-85aa9c329cf8,2015-06-02T00:00:00Z,11,0666ca22f84647c2e00eb751d9e9423bb65ba416,http://www.tdwg.org/standards/450,acfd463b-c9b6-493e-9b25-1489f2e94649,2022-05-12T00:00:00Z,11,AC96C994-9842-430E-A10F-93CA390E456F,Darwin Core RDF Guide,0666ca22f84647c2e00eb751d9e9423bb65ba416,http://www.tdwg.org/standards/450,84b02a64-3c32-4229-9ce0-0de323d8c5fe,2022-05-12T00:00:00Z,11,1AE0C08D-8F47-4733-B284-A273E750452D,Q5225953,0666ca22f84647c2e00eb751d9e9423bb65ba416,http://www.tdwg.org/standards/450,d2bb2924-f7cf-463a-b209-f2a1cbfd0a47,2022-05-12T00:00:00Z,11,F77190E8-B230-4ECB-907D-C6345A35466E,http://rs.tdwg.org/dwc/terms/guides/rdf/,F2A13591-A96D-43E9-B520-2B9AA03EFC74,Q4914768,0666ca22f84647c2e00eb751d9e9423bb65ba416,http://www.tdwg.org/standards/450,04bc12f6-fd86-47f0-87f6-58bcd262ccc5,2022-05-12T00:00:00Z,11,2C3B239B-BE82-4787-A622-C026E05D2DE4,Q20007257,c11e88a81fe3f0ff0cb7db616a5d8e6cfefe3aeb,http://rs.tdwg.org/dwc/terms/guides/rdf/,ba33f493-3512-40fc-b20f-752559d000e3,2022-05-12T00:00:00Z,11
Q111979596,Darwin Core Text Guide,provides guidelines for implementing Darwin Core in Text files,CE902D39-C996-47AF-B2B1-5AEE9AD87E42,Q20819677,CEDAF5F8-72E9-4984-8356-CEA4CC1D2AA0,912d0fad-224d-42ff-903e-5b530f6a8e4c,2014-11-08T00:00:00Z,11,0666ca22f84647c2e00eb751d9e9423bb65ba416,http://www.tdwg.org/standards/450,a1ffefa4-bc73-4e45-9e87-4a2286ba30ab,2022-05-12T00:00:00Z,11,1A9055EC-AA10-4D8F-824B-D3BE6868095A,Darwin Core Text Guide,0666ca22f84647c2e00eb751d9e9423bb65ba416,http://www.tdwg.org/standards/450,d79eb8c6-c7d0-401d-8864-d235a871bdc6,2022-05-12T00:00:00Z,11,11465271-5576-4CB7-9605-F072C538E1E7,Q5225953,0666ca22f84647c2e00eb751d9e9423bb65ba416,http://www.tdwg.org/standards/450,147f7960-88bb-4f65-9ea9-9200a417a102,2022-05-12T00:00:00Z,11,A34C5A0E-B564-479E-8E18-7C5CB0BDD54D,http://rs.tdwg.org/dwc/terms/guides/text/,E9C93574-2B0D-4D48-8324-4AF26CE42E5F,Q4914768,0666ca22f84647c2e00eb751d9e9423bb65ba416,http://www.tdwg.org/standards/450,3e589576-5d99-4a71-b8dc-c64273a24719,2022-05-12T00:00:00Z,11,58494F2C-C216-4A6D-A8ED-6F51116355B3,Q20007257,7d25fcf76cdc4d6e4d4ae71f985c46c3a9bdca86,http://rs.tdwg.org/dwc/terms/guides/text/,cbe4bb5e-a7a1-4bc3-8145-45fcfde71c55,2022-05-12T00:00:00Z,11
Q111979597,Darwin Core XML Guide,provides guidelines for the implementation of Darwin Core in XML,0C02A155-CCEF-4140-957B-A766FB6D2FEE,Q20819677,641A454F-2599-402A-951D-6E3070D140F6,45431698-1155-4991-86fa-9b727bd561bd,2014-11-08T00:00:00Z,11,0666ca22f84647c2e00eb751d9e9423bb65ba416,http://www.tdwg.org/standards/450,f0029101-4138-415d-9461-8fdee46ea8c0,2022-05-12T00:00:00Z,11,305BE484-8C9C-44D1-9E6F-CC021DC8E764,Darwin Core XML Guide,0666ca22f84647c2e00eb751d9e9423bb65ba416,http://www.tdwg.org/standards/450,a2b59b5e-c9ea-4bde-b98c-9fb907da0d35,2022-05-12T00:00:00Z,11,D4D0D2E0-010E-40EA-A4D8-B2ADF194BF11,Q5225953,0666ca22f84647c2e00eb751d9e9423bb65ba416,http://www.tdwg.org/standards/450,e5532dc5-9839-434b-82e4-ec01ebf7ddb2,2022-05-12T00:00:00Z,11,510218FD-968F-461B-B230-65E694CB3F0F,http://rs.tdwg.org/dwc/terms/guides/xml/,62E212B8-CDB7-4EA6-8C11-42E1C38AC41E,Q4914768,0666ca22f84647c2e00eb751d9e9423bb65ba416,http://www.tdwg.org/standards/450,18ab349a-4001-4407-aaaf-eb982709af72,2022-05-12T00:00:00Z,11,EBC10B25-E6AE-481B-9899-C8618B2D18BD,Q20007257,d1249a04debdf8f7f9d3d2c5e98f79838803ea03,http://rs.tdwg.org/dwc/terms/guides/xml/,f946d1ae-814b-4399-9118-2549b51f3b50,2022-05-12T00:00:00Z,11
Q111979599,Simple Darwin Core,reference for the Simple Darwin Core standard,2FEE60C8-3FB0-4FA9-B919-794D8C431D72,Q20819677,9B8AC620-14F2-4857-8FBD-8DC460FC09FA,79665329-495b-4df5-90db-45465eb2cd71,2014-11-08T00:00:00Z,11,0666ca22f84647c2e00eb751d9e9423bb65ba416,http://www.tdwg.org/standards/450,e7c38bf3-bb23-4bbf-bc99-d2096a2faa06,2022-05-12T00:00:00Z,11,121C39DB-AA32-4AD3-AB3D-0EBB610BCA9F,Simple Darwin Core,0666ca22f84647c2e00eb751d9e9423bb65ba416,http://www.tdwg.org/standards/450,dc6f6d78-f03b-4418-a473-6d4612a72581,2022-05-12T00:00:00Z,11,223FF24A-F57B-4924-BF24-3070AFBC5B04,Q5225953,0666ca22f84647c2e00eb751d9e9423bb65ba416,http://www.tdwg.org/standards/450,53cad190-1634-477a-a445-211a6cf77baf,2022-05-12T00:00:00Z,11,045822D7-CEBB-48BF-AE27-72A5B4AA0A58,http://rs.tdwg.org/dwc/terms/simple/,BD6BC280-F1AD-43E3-A0F3-7B276916E1A8,Q4914768,0666ca22f84647c2e00eb751d9e9423bb65ba416,http://www.tdwg.org/standards/450,4a43c8d9-6a99-437a-ad8a-02c31870758f,2022-05-12T00:00:00Z,11,FDFD3B1A-0FA4-4170-9C99-D5E50D4ADAFB,Q20007257,d57c73f479fc8ff3ae69e19b942b56b426bf067c,http://rs.tdwg.org/dwc/terms/simple/,275b5e26-19b3-4f41-a72f-e1004d52a994,2022-05-12T00:00:00Z,11
Q111979600,Darwin Core Namespace Policy,describes how term URIs are allocated by the Darwin Core Task Group and the policies associated with Darwin Core namespaces,B3887C0E-75EF-4077-96DD-A88C4C5ACDDD,Q20819677,4AB7599B-BFBF-40C6-A2A4-A11B636FF6D9,c44b717b-4045-4f2b-82ac-78cfe79af7c0,2014-11-08T00:00:00Z,11,0666ca22f84647c2e00eb751d9e9423bb65ba416,http://www.tdwg.org/standards/450,228922d6-0381-4dd9-987f-761db8d46cdc,2022-05-12T00:00:00Z,11,BC0657E9-F1E8-4AD7-B15A-0F7FB776B906,Darwin Core Namespace Policy,0666ca22f84647c2e00eb751d9e9423bb65ba416,http://www.tdwg.org/standards/450,2d97361c-fcb4-40ab-b937-01922807b36b,2022-05-12T00:00:00Z,11,DA9AE094-4FA9-48D7-90F5-2C8DCF7A3E63,Q5225953,0666ca22f84647c2e00eb751d9e9423bb65ba416,http://www.tdwg.org/standards/450,7f1f5e60-e94b-46ed-9810-fa1dc01bc14f,2022-05-12T00:00:00Z,11,2537FAF7-BE95-47A2-93AE-46D4FB454FB6,http://rs.tdwg.org/dwc/terms/namespace/,161F86F7-FAE8-43DB-BF5E-1B8B98FCDD4C,Q4914768,0666ca22f84647c2e00eb751d9e9423bb65ba416,http://www.tdwg.org/standards/450,efeefa05-bb07-40f3-85ab-c7650146b56c,2022-05-12T00:00:00Z,11,19D2153C-20D0-4359-B28B-5E4EDB9C771F,Q20007257,1e8e0073490bd79a861f45e3855129d170e5a19c,http://rs.tdwg.org/dwc/terms/namespace/,faa462f6-b2cc-4de3-99c3-0cdc56c20dfb,2022-05-12T00:00:00Z,11
Q111979601,Darwin Core List of Terms,lists all terms in namespaces currently used in the Darwin Core vocabulary,9032A204-6334-4AEA-9700-31A516A950EA,Q20819677,2C55635E-DC0C-4E16-9AFF-52E5FD473476,a0f42757-6494-4e9e-881b-9efbcd57f3bd,2021-07-15T00:00:00Z,11,0666ca22f84647c2e00eb751d9e9423bb65ba416,http://www.tdwg.org/standards/450,25e75cb1-e75b-4ee9-869e-0631dc91e0f1,2022-05-12T00:00:00Z,11,2406823D-F872-4614-9530-EAFBC9808A88,Darwin Core List of Terms,0666ca22f84647c2e00eb751d9e9423bb65ba416,http://www.tdwg.org/standards/450,b0b3e0e8-847b-4032-bce1-19af7ed3dacc,2022-05-12T00:00:00Z,11,F6D5A664-A5BE-465B-B19E-A19F580BE44F,Q5225953,0666ca22f84647c2e00eb751d9e9423bb65ba416,http://www.tdwg.org/standards/450,a392131b-707d-44fc-8e61-d32e7e02a8b0,2022-05-12T00:00:00Z,11,F727BC44-66D2-47C1-B32A-6C4D1C84721E,http://rs.tdwg.org/dwc/doc/list/,9F7CB218-5C83-442E-8AC7-098837C59DEF,Q4914768,0666ca22f84647c2e00eb751d9e9423bb65ba416,http://www.tdwg.org/standards/450,5326ef19-67a8-4e7a-97e4-6ca21d8d1b6b,2022-05-12T00:00:00Z,11,FC52AD47-1B69-4893-A749-C1B3FAE8AA13,Q20007257,9df72696d4608219f7bcacecfdb659f0b958cca8,http://rs.tdwg.org/dwc/doc/list/,d521a71a-8e0b-4745-bff7-e0bf4cd4b249,2022-05-12T00:00:00Z,11
Q111979603,Degree of Establishment Controlled Vocabulary List of Terms,provides terms that should be used as values for dwc:degreeOfEstablishment and dwciri:degreeOfEstablishment,3E7020BE-2264-4433-B3D9-386C317A56E8,Q20819677,C5E16CDF-8DD5-4EBA-86BF-553DE6AEE985,6e255c9b-6d4c-4022-85b1-96ec4b51dd62,2021-09-01T00:00:00Z,11,0666ca22f84647c2e00eb751d9e9423bb65ba416,http://www.tdwg.org/standards/450,d93f1a3b-4737-4ad0-af2d-15b555a69428,2022-05-12T00:00:00Z,11,07B7A896-8D1E-4D1D-8E51-FD854D1820C0,Degree of Establishment Controlled Vocabulary List of Terms,0666ca22f84647c2e00eb751d9e9423bb65ba416,http://www.tdwg.org/standards/450,619f3a83-8d4a-419e-a623-c56d8d2798f4,2022-05-12T00:00:00Z,11,3FC8B2BD-2F75-4005-83A8-D71B8CFC7CAB,Q5225953,0666ca22f84647c2e00eb751d9e9423bb65ba416,http://www.tdwg.org/standards/450,267e595d-68c6-4e76-8576-1146425bf2f9,2022-05-12T00:00:00Z,11,E8F775A0-6AC3-4FBA-8C0B-84768EFF70F2,http://rs.tdwg.org/dwc/doc/doe/,681E5D7D-9CFD-46BF-864E-7F7AFB2813F8,Q4914768,0666ca22f84647c2e00eb751d9e9423bb65ba416,http://www.tdwg.org/standards/450,17744c9d-97a8-4a23-b350-5a6f22aa8a6c,2022-05-12T00:00:00Z,11,528331E7-41F5-4518-A9C4-8E4AF721164E,Q20007257,ff0331e622d32bb927bbbc997162bc713f25cd70,http://rs.tdwg.org/dwc/doc/doe/,66aeb7c4-bee1-4215-bf9e-59ff1afafdd3,2022-05-12T00:00:00Z,11
Q111979604,Establishment Means Controlled Vocabulary List of Terms,provides terms that should be used as values for dwc:establishmentMeans and dwciri:establishmentMeans,FAF57F94-99AC-46EF-8224-6BFEA185AB32,Q20819677,3B7E292C-4BEE-4A04-8078-84205B4DF6C4,8568aeee-f41a-465d-b6c9-fa4542d586f7,2021-09-01T00:00:00Z,11,0666ca22f84647c2e00eb751d9e9423bb65ba416,http://www.tdwg.org/standards/450,a1f9d805-1c67-4a00-8b9d-c88646c28650,2022-05-12T00:00:00Z,11,941F28D7-F6A1-45D2-B395-912959B741DB,Establishment Means Controlled Vocabulary List of Terms,0666ca22f84647c2e00eb751d9e9423bb65ba416,http://www.tdwg.org/standards/450,76771d47-49f4-4d49-b5a5-e9f35df7a2c3,2022-05-12T00:00:00Z,11,E86CAE97-C892-4AA5-BEDA-1285404E92FE,Q5225953,0666ca22f84647c2e00eb751d9e9423bb65ba416,http://www.tdwg.org/standards/450,cb1063fd-d28b-444e-99e6-2f2cb96f4e70,2022-05-12T00:00:00Z,11,A5C69B05-28D6-4D03-A9E0-7F8344F55DC4,http://rs.tdwg.org/dwc/doc/em/,87BB871D-1010-4196-B7B6-72ACD19352AF,Q4914768,0666ca22f84647c2e00eb751d9e9423bb65ba416,http://www.tdwg.org/standards/450,cfa0a2e3-0fe2-4a2f-a735-e1b6ed2d3881,2022-05-12T00:00:00Z,11,6B153E21-E9F2-4214-982C-BFEF14B52E3F,Q20007257,42602514333e30d7b04496779916790379971da0,http://rs.tdwg.org/dwc/doc/em/,77533b9e-8f0a-4827-8ebe-8a84249f6656,2022-05-12T00:00:00Z,11
Q111979606,Pathway Controlled Vocabulary List of Terms,provides terms that should be used as values for dwc:pathway and dwciri:pathway,10E4651E-4094-450A-A3E9-6273C438130F,Q20819677,50C4F806-E4E1-49F2-98BE-35C5FC425A39,9697c5ca-d68c-4c8a-afa5-a2676fce8115,2021-09-01T00:00:00Z,11,0666ca22f84647c2e00eb751d9e9423bb65ba416,http://www.tdwg.org/standards/450,9cb6cade-5367-4125-8ff2-3b0fa20724b9,2022-05-12T00:00:00Z,11,5A12938E-B941-499B-BCE2-CEB356CF25F4,Pathway Controlled Vocabulary List of Terms,0666ca22f84647c2e00eb751d9e9423bb65ba416,http://www.tdwg.org/standards/450,9fdde926-30bc-4f5f-a0e7-077223ac8d30,2022-05-12T00:00:00Z,11,B0D1C873-81AB-4123-AFB6-E5A44EFE0203,Q5225953,0666ca22f84647c2e00eb751d9e9423bb65ba416,http://www.tdwg.org/standards/450,d5f9e964-90c2-4805-a3e6-e6f4b0bc99db,2022-05-12T00:00:00Z,11,9700702C-2C11-4419-A51D-B77BC826BF4E,http://rs.tdwg.org/dwc/doc/pw/,36168021-67F3-4AA3-8CA8-999558B8A417,Q4914768,0666ca22f84647c2e00eb751d9e9423bb65ba416,http://www.tdwg.org/standards/450,4b1dfb4c-6f3f-40e2-a0bf-65ab6417a159,2022-05-12T00:00:00Z,11,86584D1A-1A2C-423E-B75D-C0BAE2E04907,Q20007257,60998be1ad9eae92fed0516159c37aaddd4de2a0,http://rs.tdwg.org/dwc/doc/pw/,09496198-3021-4254-9454-d06c76fe1872,2022-05-12T00:00:00Z,11
Q111979607,Chronometric Age Vocabulary List of Terms,lists all terms in namespaces currently used in the Chronometric Age Vocabulary,437DE060-27C5-48AA-B17A-60C2159EFD20,Q20819677,274DF0AF-EFFF-4473-AFEA-EB6A20A0C728,af1d9b60-426f-4d2f-8a25-f578faa02bf8,2021-04-27T00:00:00Z,11,0666ca22f84647c2e00eb751d9e9423bb65ba416,http://www.tdwg.org/standards/450,1630701c-ee9e-45d5-9b0b-bd38f72f06f5,2022-05-12T00:00:00Z,11,B869B643-6874-46B7-B873-457F1C5835F2,Chronometric Age Vocabulary List of Terms,0666ca22f84647c2e00eb751d9e9423bb65ba416,http://www.tdwg.org/standards/450,7a6c14a5-1665-43c8-b604-a291828ea52d,2022-05-12T00:00:00Z,11,CAEE8D49-FDD6-419D-A5E4-6E43BBB58ED4,Q5225953,0666ca22f84647c2e00eb751d9e9423bb65ba416,http://www.tdwg.org/standards/450,42ab8ae3-97ba-4aa7-abba-c8e9b7823d8e,2022-05-12T00:00:00Z,11,C462EF25-5585-4519-AD71-E40D06E54A8A,http://rs.tdwg.org/dwc/doc/chrono/,5BA1DFCE-D461-41F2-8824-69A7303B1714,Q4914768,0666ca22f84647c2e00eb751d9e9423bb65ba416,http://www.tdwg.org/standards/450,78ab237b-c1bf-43c6-9bc4-90e2ba83c8bd,2022-05-12T00:00:00Z,11,EECDCBDD-2F6F-4B38-9785-1FB5F8E26C5F,Q20007257,b44db73ffe4d21714fb1bb6692cc65c4cd329d70,http://rs.tdwg.org/dwc/doc/chrono/,330c3d01-6b4c-49ca-a9bd-7a8f705bb4f5,2022-05-12T00:00:00Z,11
Q111979608,TDWG Access Protocol for Information Retrieval (TAPIR) Protocol Specification,specifies the TAPIR protocol and the structure and syntax of TAPIR messages,3A1075E6-4D7E-44D5-AD70-559EED6619F4,Q20819677,9E4B93B3-13E9-452E-A144-3C8D0B47DD66,1bda1949-341d-4fc1-bc81-a142f2d7e14e,2010-05-05T00:00:00Z,11,195eac5089d96839899cecfc6095e6cc8f88866b,http://www.tdwg.org/standards/449,cf7e0b2c-e166-49df-807d-da94d37190a2,2022-05-12T00:00:00Z,11,EC74D485-8256-4F55-A861-BA97C785C4FF,TDWG Access Protocol for Information Retrieval (TAPIR) Protocol Specification,195eac5089d96839899cecfc6095e6cc8f88866b,http://www.tdwg.org/standards/449,97b06d02-a47b-4e15-8a15-88a9018d592e,2022-05-12T00:00:00Z,11,6E6E42A8-4086-421B-BF06-7F359F9B8FC3,Q51883967,195eac5089d96839899cecfc6095e6cc8f88866b,http://www.tdwg.org/standards/449,1a84f941-78d0-4b86-be9f-ed040c057190,2022-05-12T00:00:00Z,11,4540DEA3-24ED-4D02-996C-5A0CA5BC4004,http://rs.tdwg.org/tapir/doc/specification/,3E932204-21A9-4791-A88B-CE43B2B558EC,Q4914768,195eac5089d96839899cecfc6095e6cc8f88866b,http://www.tdwg.org/standards/449,09776af6-04b6-4a3f-82ac-88b4d1dcd4cc,2022-05-12T00:00:00Z,11,90295786-9D85-4F79-A418-3D321151022D,Q14947546,f00f72909cd8a8643df09647e6569996f28c4b8e,http://rs.tdwg.org/tapir/doc/specification/,8986d792-5f74-4437-b4a4-d55a312a7bd5,2022-05-12T00:00:00Z,11
Q111979668,TDWG Access Protocol for Information Retrieval (TAPIR) XML Schema,XML schema document for the TAPIR protocol,5A060BB7-1330-495D-B21F-94267D23B300,Q20819677,6E93C79E-6807-4C20-9204-D63AB83ECD33,b8972438-a5a2-4b27-b910-0ea307ff7d61,2009-02-05T00:00:00Z,11,195eac5089d96839899cecfc6095e6cc8f88866b,http://www.tdwg.org/standards/449,b54390f2-f64e-4d8b-aba8-49441f011483,2022-05-12T00:00:00Z,11,4BA56375-8324-4949-A836-A2FC48AB4FFD,TDWG Access Protocol for Information Retrieval (TAPIR) XML Schema,195eac5089d96839899cecfc6095e6cc8f88866b,http://www.tdwg.org/standards/449,d2b3199c-b5f0-4601-9856-78864323b0d7,2022-05-12T00:00:00Z,11,18B417A8-019E-4FCB-97B9-59F855DF049A,Q51883967,195eac5089d96839899cecfc6095e6cc8f88866b,http://www.tdwg.org/standards/449,f9e89df8-62f2-44c4-be28-e2274d3516d6,2022-05-12T00:00:00Z,11,1FA21332-A343-4A72-9526-472CA50FB7D8,http://rs.tdwg.org/tapir/doc/xmlschema/,39084D0E-2E1F-44CD-936D-0ECF83D4034A,Q4914768,195eac5089d96839899cecfc6095e6cc8f88866b,http://www.tdwg.org/standards/449,f0c8692b-bcbf-4df1-aaed-de859e709175,2022-05-12T00:00:00Z,11,884D5154-25BB-410C-AFAC-29B9FA28E39C,Q14947546,99bcc74b41c3301c6bcb014a41a2ee8671d3ac40,http://rs.tdwg.org/tapir/doc/xmlschema/,a69d3da6-600a-4237-80e7-9b6c45379228,2022-05-12T00:00:00Z,11
Q111979611,TDWG Access Protocol for Information Retrieval (TAPIR) Concept Aliases,Globally unique aliases for concepts in the TAPIR protocol,E25A7B31-9A99-480C-964B-419D9EF3E5B6,Q20819677,5D741E4B-4C0F-43C9-86DF-2D2921F8CF8D,28674624-cd8a-4210-85f9-861a7d89c490,2015-06-01T00:00:00Z,11,195eac5089d96839899cecfc6095e6cc8f88866b,http://www.tdwg.org/standards/449,8ed23c08-ae9a-4556-ba16-e88b2ab886ae,2022-05-12T00:00:00Z,11,54A81B60-2DEA-4611-AE7E-013FBF76ED7A,TDWG Access Protocol for Information Retrieval (TAPIR) Concept Aliases,195eac5089d96839899cecfc6095e6cc8f88866b,http://www.tdwg.org/standards/449,8a3e2ae1-dce2-492b-996d-a5871989e4e3,2022-05-12T00:00:00Z,11,DA289893-3246-47E4-8BAF-86249C875789,Q51883967,195eac5089d96839899cecfc6095e6cc8f88866b,http://www.tdwg.org/standards/449,3ff93718-5b07-4a4a-8d41-91fbe55ddf45,2022-05-12T00:00:00Z,11,607007F9-B445-49B2-A0F8-8F028D8D7AB4,http://rs.tdwg.org/tapir/doc/conceptaliases/,C731202C-D17A-4B1C-AB21-B947D0107BB5,Q4914768,195eac5089d96839899cecfc6095e6cc8f88866b,http://www.tdwg.org/standards/449,086efef3-2be0-4307-87ed-1d9775dae818,2022-05-12T00:00:00Z,11,2BEE73AA-E3DC-4F8D-A89F-5B37A9C13A59,Q14947546,038281a0cb6b8d10aeb9118a48f84bde42c213c3,http://rs.tdwg.org/tapir/doc/conceptaliases/,7f7b6b22-bcd5-4fa8-a084-85c01ddb0299,2022-05-12T00:00:00Z,11
Q111979612,TDWG Access Protocol for Information Retrieval (TAPIR) Network Builders' Guide,guidelines for building networks based on the TAPIR protocol,08245577-89CD-4B78-95C2-93073E5609FD,Q20819677,26DF8AC4-841A-4C5F-B970-E6450200BDC3,269dc31e-a4e6-4549-bebc-3c73bf14eab2,2015-06-03T00:00:00Z,11,195eac5089d96839899cecfc6095e6cc8f88866b,http://www.tdwg.org/standards/449,c989e8d0-eed3-4094-9a02-f7e86005341e,2022-05-12T00:00:00Z,11,C1B29ED9-DB1C-427F-9DEB-365EB7218EDE,TDWG Access Protocol for Information Retrieval (TAPIR) Network Builders' Guide,195eac5089d96839899cecfc6095e6cc8f88866b,http://www.tdwg.org/standards/449,9e4e2e31-49d1-4528-a828-3c6ad5db4c2d,2022-05-12T00:00:00Z,11,174A1F48-C189-4DBE-A2B1-4B75B66F5BF9,Q51883967,195eac5089d96839899cecfc6095e6cc8f88866b,http://www.tdwg.org/standards/449,9eb30e39-d876-41a3-a87b-b0fe094d0404,2022-05-12T00:00:00Z,11,9AFCFA91-87CF-40D6-8CEB-9001149D1C01,http://rs.tdwg.org/tapir/doc/guide/,E1C0B0DE-9897-422E-B300-CF273E29DECB,Q4914768,195eac5089d96839899cecfc6095e6cc8f88866b,http://www.tdwg.org/standards/449,64cd3ab7-53d9-40ff-8c52-d8967c0cbc6c,2022-05-12T00:00:00Z,11,8D61594A-DEF7-445E-A82F-A9AD26CBB5F9,Q14947546,a1ede0d0150c66655a90b157e4227d553359e22c,http://rs.tdwg.org/tapir/doc/guide/,8f8f65d3-0e30-49c5-a137-ce59825362a0,2022-05-12T00:00:00Z,11
Q111979614,TDWG Access Protocol for Information Retrieval (TAPIR) Output Models and Query Templates,an index to TAPIR XML models and query templates,EA108742-AD63-4E3C-B5B5-3AEF5F29663C,Q20819677,CF10455B-FDA6-41C7-9176-1FC6DF88036D,21b38a91-4d1c-49cf-b18f-fd89e7a2dd23,2015-11-25T00:00:00Z,11,195eac5089d96839899cecfc6095e6cc8f88866b,http://www.tdwg.org/standards/449,2156e123-dfc8-42a2-a084-4224461b0b21,2022-05-12T00:00:00Z,11,6F0A8A5D-BB7E-417A-AD14-829ED5DF1941,TDWG Access Protocol for Information Retrieval (TAPIR) Output Models and Query Templates,195eac5089d96839899cecfc6095e6cc8f88866b,http://www.tdwg.org/standards/449,0b0b4c85-c1d2-4d7d-8453-38e12c53f29a,2022-05-12T00:00:00Z,11,72E04A45-1DD6-4A5B-8A74-E397B7E314EC,Q51883967,195eac5089d96839899cecfc6095e6cc8f88866b,http://www.tdwg.org/standards/449,3fba4b98-a851-41ea-9a7c-b8e4221a737e,2022-05-12T00:00:00Z,11,7C88E158-9E9C-4ECB-9401-609FAB20C514,http://rs.tdwg.org/tapir/doc/models/,53820E52-1530-4C7D-87B0-0912F47E73D3,Q4914768,195eac5089d96839899cecfc6095e6cc8f88866b,http://www.tdwg.org/standards/449,4949fbd6-3fbe-4cb5-98f0-3f77054340f1,2022-05-12T00:00:00Z,11,55C96B62-54CE-4955-9CC3-D5432E23C99C,Q14947546,3b9a9309fd5f4c19800d420364fa43037724b7ba,http://rs.tdwg.org/tapir/doc/models/,53d311b1-a64b-4371-b352-0899143c101a,2022-05-12T00:00:00Z,11
Q111979615,Access to Biological Collection Data (ABCD) Primer,an easily readable background to the ABCD standard with examples,8405733E-2BDE-43A3-BAAD-EA0AE9383A20,Q20819677,7A7BAB37-C457-4393-8E71-086FC29C9250,9e904e40-8896-48ba-8067-49a505a92840,2006-07-27T00:00:00Z,11,83756031801574f2e9937061a0cd1af7ffdaa66a,http://www.tdwg.org/standards/115,ada07b9b-8fdd-47f3-8d3d-1e040e780497,2022-05-12T00:00:00Z,11,DF32433A-AF14-4C39-A230-AA2E76241CBA,Access to Biological Collection Data (ABCD) Primer,83756031801574f2e9937061a0cd1af7ffdaa66a,http://www.tdwg.org/standards/115,f7716f12-beee-4d5f-8fb4-07286da87ff5,2022-05-12T00:00:00Z,11,3571B69C-FA71-4922-B952-8430EDEB5F55,Q30437955,83756031801574f2e9937061a0cd1af7ffdaa66a,http://www.tdwg.org/standards/115,d3a81a27-62ff-4f47-b8e8-29cd47cb8ef7,2022-05-12T00:00:00Z,11,5589B36B-B78C-4EA7-A312-0B20A04672DF,http://rs.tdwg.org/abcd/doc/primer/,FBA58B1B-C0B0-4C52-BCBE-42BFDF39A7E6,Q4914768,83756031801574f2e9937061a0cd1af7ffdaa66a,http://www.tdwg.org/standards/115,87d33877-9218-42fd-b453-a21083654736,2022-05-12T00:00:00Z,11,333852D9-B8BB-481F-BDCF-6F1078609585,Q14947546,3b2819afb9d6dfcc34109da69299171340257fcf,http://rs.tdwg.org/abcd/doc/primer/,722202aa-92cb-4da3-ae09-c17b552b3197,2022-05-12T00:00:00Z,11
Q111979617,Access to Biological Collection Data (ABCD) XML Schema,XML schema document for the Access to Biological Collection Data standard,246BFDB5-AC62-4605-AA28-58D68F886710,Q20819677,DB3E1C40-F08C-4541-9DB2-F8937A7B7C3F,a698c3ff-311f-4bf1-a296-42a8f09524ac,2007-06-13T00:00:00Z,11,83756031801574f2e9937061a0cd1af7ffdaa66a,http://www.tdwg.org/standards/115,d705e8e1-c85a-4eb1-9b82-7df5a4347143,2022-05-12T00:00:00Z,11,C0220BF0-5A10-4DE8-934C-E9C3D77D9022,Access to Biological Collection Data (ABCD) XML Schema,83756031801574f2e9937061a0cd1af7ffdaa66a,http://www.tdwg.org/standards/115,6d7462db-7dcb-4fd5-9897-1335b8d81b11,2022-05-12T00:00:00Z,11,D9D76DAA-3275-42E1-959C-FFC82523FB89,Q30437955,83756031801574f2e9937061a0cd1af7ffdaa66a,http://www.tdwg.org/standards/115,998c930d-c50a-4b7f-8dbc-29bb0a4d3da0,2022-05-12T00:00:00Z,11,C6CC3C3F-219E-4463-A933-682D99DFE5FF,http://rs.tdwg.org/abcd/doc/xmlschema/,BB8E30AA-5841-433A-921B-C969DC76FB2B,Q4914768,83756031801574f2e9937061a0cd1af7ffdaa66a,http://www.tdwg.org/standards/115,dc62babe-8db2-4490-8851-a54768f73339,2022-05-12T00:00:00Z,11,1DBEBFFF-48EB-4C20-996F-556810BDED0A,Q14947546,1cee986a6b58441faec1031d83994c2d5a8faafc,http://rs.tdwg.org/abcd/doc/xmlschema/,368c3540-5c32-4aa7-8b08-629f901dbe0b,2022-05-12T00:00:00Z,11
Q111979618,Introduction and Primer to the Structured Descriptive Data (SDD) Standard,non-normative introduction to the Taxonomic Databases Working Group SDD (Structure of Descriptive Data) Standard,27C48971-6DB4-49A0-B392-DF25CA0241EE,Q20819677,420FFA82-EA96-457F-A0C2-DC561A792E41,4835268a-17e1-439c-bc56-1ef7e106b06a,2006-05-11T00:00:00Z,11,bb7bc2e038f47c43a5befd48d0ed7bfa7de9fb43,http://www.tdwg.org/standards/116,20cb3df5-dd53-4066-a6d2-f0963e7a549d,2022-05-12T00:00:00Z,11,96E7BA34-1F36-48EE-AAEC-323A5E989975,Introduction and Primer to the Structured Descriptive Data (SDD) Standard,bb7bc2e038f47c43a5befd48d0ed7bfa7de9fb43,http://www.tdwg.org/standards/116,5fe34c51-73cc-49b3-8e43-edcf2800446e,2022-05-12T00:00:00Z,11,912FA2D9-FA40-4494-8BEC-564C8D619FC3,Q111977340,bb7bc2e038f47c43a5befd48d0ed7bfa7de9fb43,http://www.tdwg.org/standards/116,85c2b770-7677-4ca3-b212-b06f472de8fb,2022-05-12T00:00:00Z,11,E75DF7C3-964F-4EF7-BF4C-64E750B9A676,http://rs.tdwg.org/sdd/doc/introduction/,103960B5-7700-4B97-BEBB-BE5CACC93DF0,Q4914768,bb7bc2e038f47c43a5befd48d0ed7bfa7de9fb43,http://www.tdwg.org/standards/116,fdb1a06d-9193-4272-a6f7-f139215323f1,2022-05-12T00:00:00Z,11,,,,,,,
Q111979619,Structured Descriptive Data XML Schema,schema file to be referenced in instance documents for validation in the SDD standard,90124691-138F-4081-B0DC-09827D9891E9,Q20819677,62AB8D61-AD82-47E2-B990-8093A5C9E8F5,b2217577-b835-44c4-8d6b-fef9e55ee22c,2006-05-11T00:00:00Z,11,bb7bc2e038f47c43a5befd48d0ed7bfa7de9fb43,http://www.tdwg.org/standards/116,3c46c8fd-6094-4ec4-b2e4-e8e3fc68910f,2022-05-12T00:00:00Z,11,39252C63-C6BC-4353-8B9F-DAACB2A45AAD,Structured Descriptive Data XML Schema,bb7bc2e038f47c43a5befd48d0ed7bfa7de9fb43,http://www.tdwg.org/standards/116,07d9e4fe-8fae-454b-ab60-438bd82395b0,2022-05-12T00:00:00Z,11,BC600D9C-299E-4688-99EF-EA1297A9FC09,Q111977340,bb7bc2e038f47c43a5befd48d0ed7bfa7de9fb43,http://www.tdwg.org/standards/116,d7fd4c31-c0c3-457e-8255-a5d5c178bcc2,2022-05-12T00:00:00Z,11,3E8D9FD4-E5E0-4AF1-8159-AFB3C74CB717,http://rs.tdwg.org/sdd/doc/xmlschema/,0F8F8BD5-978E-4328-918F-959A23349FA5,Q4914768,bb7bc2e038f47c43a5befd48d0ed7bfa7de9fb43,http://www.tdwg.org/standards/116,8581a29f-9018-45d8-8ceb-93a4c9be6f0a,2022-05-12T00:00:00Z,11,,,,,,,
Q111979621,Taxon Concept Schema User Guide,introduction to the Taxon Concept Schema (TCS) standard,C8D2A84C-93E3-4256-942F-7DF28D005BDB,Q20819677,DB5F610A-0EA5-4DCC-911B-FC6D4FEA1852,0e793b63-f78b-48d6-b3f0-b38bde210e34,2006-09-21T00:00:00Z,11,35581d09d2713411f137323fcfde6036d49e830c,http://www.tdwg.org/standards/117,c592fca2-a3c8-45b9-8852-71546f24d4fd,2022-05-12T00:00:00Z,11,55E18D8A-CCF0-4923-BD12-8B549FC0E65A,Taxon Concept Schema User Guide,35581d09d2713411f137323fcfde6036d49e830c,http://www.tdwg.org/standards/117,3b1fa60d-24f8-4867-83b1-7ea6d3c6ada7,2022-05-12T00:00:00Z,11,5A3DADC8-D7F8-4483-AD36-A8B5FDB467B3,Q111977341,35581d09d2713411f137323fcfde6036d49e830c,http://www.tdwg.org/standards/117,953bb683-b2af-4a24-8e2a-107740dac93e,2022-05-12T00:00:00Z,11,6D801702-4481-4B46-B790-F176B16AE0C9,http://rs.tdwg.org/tcs/doc/guide/,E38B8D58-E885-43EB-A585-E9C9B1F16461,Q4914768,35581d09d2713411f137323fcfde6036d49e830c,http://www.tdwg.org/standards/117,52a5f942-059e-4f8b-a1fd-5761812020bd,2022-05-12T00:00:00Z,11,,,,,,,
Q111979622,Taxon Concept Schema XML Schema,the validation schema for Taxon Concept Schema XML documents,5F8B9F7C-68AC-46ED-8365-2D434049A2B4,Q20819677,CC4DF9C8-BB32-4DE8-B368-2C4CD79CA880,e8612bf7-fc68-4338-a4f6-41db37028520,2006-09-21T00:00:00Z,11,35581d09d2713411f137323fcfde6036d49e830c,http://www.tdwg.org/standards/117,d44841a8-ce2e-4b76-8e88-f852f9cdf9ad,2022-05-12T00:00:00Z,11,8B9342C5-7381-4E0E-9BD4-659A0C3FFE1E,Taxon Concept Schema XML Schema,35581d09d2713411f137323fcfde6036d49e830c,http://www.tdwg.org/standards/117,02c8c328-cbc4-4732-9518-bab013435ebc,2022-05-12T00:00:00Z,11,AFAEE1A0-415E-4281-8143-9FC18CA0EBED,Q111977341,35581d09d2713411f137323fcfde6036d49e830c,http://www.tdwg.org/standards/117,4393095a-05a7-40bf-98a4-cb0b3643b3ef,2022-05-12T00:00:00Z,11,03D0D755-CD44-4411-BEB7-5FDF51252D49,http://rs.tdwg.org/tcs/doc/xmlschema/,FA8040D7-5264-42CF-A9B9-BAA20982C033,Q4914768,35581d09d2713411f137323fcfde6036d49e830c,http://www.tdwg.org/standards/117,c21a1dcc-b879-4c4f-9335-634809b6cfde,2022-05-12T00:00:00Z,11,,,,,,,
Q111979624,Definition of the Delta Format,an introduction to the DELTA format for programmers,DD44E1D5-2001-49D8-BE08-57A67FF994F9,Q20819677,842ED283-B17A-45CA-90FB-C999748F292F,daee5e42-5f92-4bc2-9d99-926f328ce683,2005-09-13T00:00:00Z,11,63b9a69791ed597269ebe78cd2e84ff7a65c683f,http://www.tdwg.org/standards/107,56ed7455-c270-459d-8f41-270643929394,2022-05-12T00:00:00Z,11,27C6E254-285A-4F1C-8303-9F794AA231A3,Definition of the Delta Format,63b9a69791ed597269ebe78cd2e84ff7a65c683f,http://www.tdwg.org/standards/107,6be95290-1bad-4629-a4ff-e3f48e0c74ad,2022-05-12T00:00:00Z,11,99BFFDCF-61EB-49F2-A32C-F0B3E7FB53A3,Q589536,63b9a69791ed597269ebe78cd2e84ff7a65c683f,http://www.tdwg.org/standards/107,6958d625-0027-4a2b-b55c-6bd9e86a620a,2022-05-12T00:00:00Z,11,C06B5634-F13D-41B6-8F63-57A82E3BC2AF,http://rs.tdwg.org/delta/doc/definition/,75A86A97-95D0-45A3-89BE-3A49C9C1118C,Q4914768,63b9a69791ed597269ebe78cd2e84ff7a65c683f,http://www.tdwg.org/standards/107,d1e8b88e-abc6-45af-9ad9-9c9f8a0d49ed,2022-05-12T00:00:00Z,11,,,,,,,
Q111979625,XDF: A Language for the Definition and Exchange of Biological Data Sets,journal article describing the XDF (the Exchange Data Format),8F94004D-0601-40F7-BA5F-1FA6DCB45B91,Q20819677,20B8CE0B-64F4-4212-BF9D-B723BF018BCB,14ebf220-9471-4987-b308-dd9c774e1718,1992-00-00T00:00:00Z,9,2045c520d6b807b2f64e6eda62a27b9d0056e384,http://www.tdwg.org/standards/108,d6efd5ef-e463-4006-a2d1-0688c6e7d5cf,2022-05-12T00:00:00Z,11,F4AFB7FD-7AA6-4B66-BAF9-5E539DFDDD1E,XDF: A Language for the Definition and Exchange of Biological Data Sets,2045c520d6b807b2f64e6eda62a27b9d0056e384,http://www.tdwg.org/standards/108,4c70bb10-5de7-4fc9-99a9-18cf152d0091,2022-05-12T00:00:00Z,11,9F8AEEAE-6E29-410B-BF62-791BBDE641FD,Q111977337,2045c520d6b807b2f64e6eda62a27b9d0056e384,http://www.tdwg.org/standards/108,a3ea2d04-bcab-4918-b618-1c25b3dcabd8,2022-05-12T00:00:00Z,11,BC8AED27-0308-46C5-A8E9-6F9FAD88C207,http://rs.tdwg.org/xdf/doc/article/,DA48C887-44C2-4218-827D-10AEBB54B0B1,Q746413,b461bb7e74e91c9f50b6c23f4359de438e007fee,http://rs.tdwg.org/xdf/doc/article/,01b732d2-876d-4c58-a6d2-41cb583b10b8,2022-05-12T00:00:00Z,11,,,,,,,
Q111979627,The International Transfer Format (ITF) for Botanic Garden Plant Records (Version 2),complete description of version 2 of the International Transfer Format for Botanic Garden Records,97375FF2-D0FB-415F-8C81-A2FF7244C6EB,Q20819677,631151C0-F286-42F4-B3CF-86E319533D1D,d9383d60-efd6-4998-9c12-472432b7e2b7,1998-00-00T00:00:00Z,9,5bff276354ba00a7ce919740aaeefba8be65060a,http://www.tdwg.org/standards/102,d0133c97-9aad-4357-8db0-1c8c0427ad96,2022-05-12T00:00:00Z,11,66074C54-7555-4F3B-8879-A84ED10D971A,The International Transfer Format (ITF) for Botanic Garden Plant Records (Version 2),5bff276354ba00a7ce919740aaeefba8be65060a,http://www.tdwg.org/standards/102,d664bf14-d575-4121-8490-6628b99e27c0,2022-05-12T00:00:00Z,11,63C9351A-7242-4A48-A0F4-42EE0F99B462,Q51495611,5bff276354ba00a7ce919740aaeefba8be65060a,http://www.tdwg.org/standards/102,83213a75-5ea9-46da-aaba-61624fe25c36,2022-05-12T00:00:00Z,11,FA35A04A-E0B7-48D3-91ED-4590B6E8AEC3,http://rs.tdwg.org/itfbgpr/doc/specification/,1EBE739E-5413-47BA-8903-56A273E1D72B,Q1339511,0a3ddf7600a1c23e49da713b0f96c96d2348f897,http://rs.tdwg.org/itfbgpr/doc/specification/,8bd279a4-e904-4215-aaf0-4fd39c2379b1,2022-05-12T00:00:00Z,11,,,,,,,
Q118247797,Controlled Vocabulary for Audiovisual Core subjectPart: List of Terms,controlled vocabulary provides values for ac:subjectPart and ac:subjectPartLiteral,7C75B556-B851-4E84-9353-49E50C8777A0,Q20819677,91B7CAC3-7B03-4800-AB05-E619B8465833,fb4a27db-9cf0-4e05-a99e-39f3fb904514,2023-04-26T00:00:00Z,11,8614246c1a610d24067f9a22cf3a22eba82a84bc,http://www.tdwg.org/standards/638,679b433e-c20a-4373-912f-264bf1b67c51,2023-05-09T00:00:00Z,11,85CF4D60-55F3-43C8-9E2F-177232BCE57F,Controlled Vocabulary for Audiovisual Core subjectPart: List of Terms,8614246c1a610d24067f9a22cf3a22eba82a84bc,http://www.tdwg.org/standards/638,9c110496-a1b5-4feb-b7e8-c8ff3b86de39,2023-05-09T00:00:00Z,11,DF1329E4-7144-426F-A338-C999F782F89F,Q51883861,8614246c1a610d24067f9a22cf3a22eba82a84bc,http://www.tdwg.org/standards/638,66a5e5d8-c3b7-44b2-9498-16aef43eba19,2023-05-09T00:00:00Z,11,6CCC5E9D-1536-4F6E-960E-AB21B6E510B3,http://rs.tdwg.org/ac/doc/part/,07A9F2C7-FFEC-4CC3-B8EC-65B9C77BF23D,Q4914768,8614246c1a610d24067f9a22cf3a22eba82a84bc,http://www.tdwg.org/standards/638,44210156-d1ce-40fa-98a9-e5764c0026ad,2023-05-09T00:00:00Z,11,4E6F60DC-1FC7-4F27-83CB-5F76FC1159EE,Q20007257,3c1fffabcb98db61026e4549ee4345da0661bba2,http://rs.tdwg.org/ac/doc/part/,6bd3c706-c305-4138-b2c6-3587c31eae91,2023-05-09T00:00:00Z,11
Q118247798,Controlled Vocabulary for Audiovisual Core subjectOrientation: List of Terms,controlled vocabulary provides values for ac:subjectOrientation and ac:subjectOrientationLiteral,D0AC8FEF-4418-400D-BDE2-730DC7486EAD,Q20819677,E4B80260-2A93-49F3-B496-670213359076,4b81788d-a0f3-4580-8847-d7ad43a31c2c,2023-04-26T00:00:00Z,11,8614246c1a610d24067f9a22cf3a22eba82a84bc,http://www.tdwg.org/standards/638,2c959dc5-3576-4172-932b-02eefab89be3,2023-05-09T00:00:00Z,11,C73E8CF6-2959-420C-9369-91C36DC5EC16,Controlled Vocabulary for Audiovisual Core subjectOrientation: List of Terms,8614246c1a610d24067f9a22cf3a22eba82a84bc,http://www.tdwg.org/standards/638,4c67890b-8492-4ffc-8a65-d37ead43542b,2023-05-09T00:00:00Z,11,131F023F-C373-46B7-A295-F7B74C438651,Q51883861,8614246c1a610d24067f9a22cf3a22eba82a84bc,http://www.tdwg.org/standards/638,1ef70a9f-02d2-4151-a8ce-27250050b110,2023-05-09T00:00:00Z,11,886700C8-76AE-4757-80B4-5484DBA7147A,http://rs.tdwg.org/ac/doc/orient/,1271639B-6F63-402F-811A-F5CC83B75FA5,Q4914768,8614246c1a610d24067f9a22cf3a22eba82a84bc,http://www.tdwg.org/standards/638,66020baa-e955-4f0c-a216-ef0ed55cf7e3,2023-05-09T00:00:00Z,11,27EA13EB-DB97-45D2-8EE6-E49B35FACE98,Q20007257,8600d0d2293eb0dd01b262fa8a2a83786c59aa19,http://rs.tdwg.org/ac/doc/orient/,eaa22222-3b66-4624-ada7-8f605687432b,2023-05-09T00:00:00Z,11
